"SINNO ID","use_sectors","Innovation name in Swedish","Description in Swedish","Additional Info"
7004001,"0123","Hogpax","Psykofarmaka för grisar. Substansen gör grisarna mindre aggresiva och mindre stressade. ","Slagsmål i griskättar."
7016001,"01","Spektrometer","Analyssystem för analys av grundämnen. Analyssystemet används först och främst inom jordbruket. Analysen visar vilka ämnen som fattas i grödan.",""
7019001,"01","Bolikel Fe","Mikrogranulär produkt som transporterar järn genom marken till rottrådarna. Där frigörs järnet och tas upp genom naturens egna mekanismer. Genom användning av mikronäringsämnen får odlaren friskare växtlighet med större skördar, högre kvalitet och ökad motståndskraft mot sjukdomar. ",""
7033001,"01","","Genmanipulerad sockerbeta.  Kommersialiseringen ligger åtminstone fem år fram i tiden.","Genmanipulationsteknik utvecklad vid Plant Genetic System. Tekniken har publicerats och är allmän egendom."
7034001,"13100","","Reagens som genom att fettsyra hydrofobiserar mineralet gör att det lätt kan flotteras, vilket förbättrar utvinningen av mineral som apatit och flusspat ","Ökad effektivitet vid utvinning"
7040001,"013","Totalväxtanalys","Analys för att bestämma vilka näringsämnen växterna behöver och därigenom styra göslingen för att förhindra kväveläckage. Inne i apparatens kopparör placeras ett reaktionsrör. I rörets ena äne placeras det prov som ska renas, aktivt kol och glasull. Den andra änden kopplas via en kylfälla, till en vakuumpump.",""
7056001,"20","Rapsody","Rengöringsmedel baserat på rapsolja, som alternativ till lacknafta som är effektiv på vedhartser och är helt nedbrytbar.",""
7058001,"01","","Flyttbar anläggning för tillverkning av rapsmetylester","Rapsproduktion ersätter dieselolja. Innovationen möjliggör sådan produktion"
7060001,"01233","","Grisfoder som innehåller en protein som tillåter näring att absorberas tidigare i matsmältningsssystemet vilket därigenom förebygger matsmältningsproblem",""
7176001,"01113","FS Packer 101","Förpackningsmaskin för förpackning av potatis som löser problemet med potatisen kommande damm viid försegling av polyetenpåsar.","Kapacitet; "
7217001,"011","","Hönsgödsel i form av briketter. Gödseln tas om hand i ett slutet system med en torkad och kornad slutprodukt, automatiskt paketerad. Det varma kondensvattnet som uppstår vid torkningsprocessen används för att värma upp hönshusen. ",""
7250001,"01114","","Det monogerma sockerfröet. Fröet ger upphov till en betplanta till skillnad mot det naturliga betfröet som är en samling frön och således ger upphov till en samling plantor. Med det nya fröet slipper man den tidsödande gallringen. Fröet har sedemera utvecklats, nu har man uppfunnit en teknik för att pelletera det. Fröet ingjuts då i en massa så att det får enhetlig form och storlek för att underlätta sådden. Man kan okcås innesluta växtnärings- och bekämpningsmedel i massan. ","Utvecklat för användning inom koncernen. Även export. "
7263001,"0123","H-grisen","En ny ras av grisar som avlats fram genom att först korsa raserna Yorkshire och Svensk lantras. Därefter har en tredje, den nordamerikanska rasen Hampshire korsats med den första Yorkshire/Svensk lantras avkomman. Den nya grisen har lägre fetthalt än vanlig svensk gris.",""
7278001,"01131","Beri-Tainer","Hanteringssystem för distributionen av jordgubbar. Systemet består av en enliterskartog, en korg som rymmer 12 enliterskartonger och en rullvagn som rymmer 10 kartonger. Ute på fältet ställs de tomma enliterskartongerna i korgarna som placeras på plockningsvagnen. När kartongerna är fllda med jordgubbar körs plockningsvagnen till uppsamlingsplatsen där korgarna hakas på rullvagnarna.",""
7361001,"02029","ABC-björnaren","Hydraulisk godsspännare att användas i första hand på lastbilar för att hålla timmer- och virkeslass. Ur trafiksäkerhetssynpunkt är den nya godsspännaren en betydelsefeul detalj. Det har hänt en hel del olyckor genom att bindkättingen lossnat eller släppt greppet allt eftersom timmerlasset ""skakats ihop"". Anordningen består av en ackumulator som kontinuerligt matar ett antal hydraulcylindrar, en för varje bindställe. Som energikälla används den på fordonet befintliga hydraulanläggningen för kranaggregatet. Skulle fordonet sakna en sådan monteras en liten pumpenhet komplett med tank på växellådans kraftuttag. ","Spänner kontinuerligt allt eftersom lasten skakas ihop."
7366001,"20","Origa-cylindern","Tryckcylinder med längsgående slits. Tekniken öppnar vägen för enklare konstruktioner och verkligt långa slaglängder. ","Kan ta upp stora tvärkrafter"
7368001,"02","Tvigg","Enmansbetjänad kvistare som tar sig fram i skogen och på vägen utan att göra allt för mycket skada. Maskinen är lätt och behöver inte så mycket svängrum. ","Skadar inte skogen genom att den är så lätt och smal."
7369001,"20","","System för intern transport och hantering av olika produkter. Det nya med innovationen är, förutom att transporterna kan gå horisontellt, vertikalt eller i olika lutande banor, antingen att de är raka, krökta eler vridna, att det inte är transportörern som flyttar sig utan det gods den skall transportera. Förflyttningen sker med en stationär rotation i ett antal axlar med tvärmonterade tänder. Den speciella vinkeln, 90 grader, bibehålles hela tiden och gör att tänderna vid axelroationen bildar ett slags hålrum, i vilket edet transporterade godset befinner sig. ",""
7371001,"02029","Typ 205 A/B","Surrningssystem vilket är avsett att ersätta gamla surrningsmetoder som rep och kätting. Fördelarna med detta system är att det går betydligt snabbare att surra, terylenebandet skadar inte godset, det behöver inte efterspännas. ","Skadar inte godset, behöver inte efterspännas."
7374001,"02","850","Skotare. ",""
7375001,"02","Tretorn Lumber","Specialstövel för skogsarbete.","ArbetsskadorStålhätta"
7376001,"02","SCA-metod","Våg för lastbilar. ",""
7377001,"20","Minivib","Hårdmetallbestyckad cirkelsågklinga. Genom den nya konstruktionsprincipen har man lyckats sänka klingans bullernivå till värden som ligger väsentligt under vanliga klingors. Konstruktionen ger den en vibrationsfriare och tystare gång. ","Går tystare och med mindre vibrationer."
7378001,"02029","KG-spännaren","Spännbandsanordning för fästning av gods på vagn. ","Skonar lasten"
7380001,"02","ABC-huggaren","Skogsmaskin.",""
7381001,"02","","Bränslehugg för traktormontage. Maskinen kommer att bli midjestyrd och försedd med åttahjulsdrift med separata hydraulmotorer för varje hjul. Därefterföljer huggenheten som är en stor trumhugg och direkt efter på samma chassie finns en 30 kubikmeters flisbehållare. ",""
7383001,"02","880","Fällare. Med den nya maskinen har möjligheter skapats att helt mekanisera avverkningsarbetet. Fällaren passar i de flesta fall även in i Logma-systemet. Fällaren är i första hand avsedd för slutavverkningsbestånd. Den avskiljer träden med klippande eller sågande fälldon och lyfter dem sedan stående och lägger i högar. Maskinen är således en fällare-buntläggare. Maskinen består av ett tvåaxligt, ramstyrt chassi med pendelaxel under den motorbärande fordonsdelen. Hjuldimensionen är lika på samtliga hjul. Chassit är i princip uppbyggt på samma sätt som på en lunnare. ",""
7384001,"02","ÖSA-systemet","Maskinprogram för helmekaniserad skogsavverkning. I systemet ingår fällnngsmaskinen ÖSA 670; den har kapacitet på över 150 träd/timmen vid kontinuerlig körning. Kedjesågen som används har en patentskyddad upphängningsanordning som helt eliminerar fällsnittskador. Efter fällningen tar processorn över. Processorn har beteckningen ÖSA 705. Tillsammans med skotaren ÖSA 260 uppnås fördelar såsom lägre bränsleförbrukning, minskad service och underhåll, färre komponenter, minskad reservdelshållning. ","Lägre bränsleförbrukning, minskad service och underhåll, färre komponenter, minskad reservdelshållning."
7386001,"20101","","Emballeringsmaskin för virke. Maskinen sköter emballeringen helt automatiskt. Maskinen är försedd med en motor för avrullning av emballagematerialet, avskärning och funktioner för erforderlig vikning av emballagematerialet. Maskinen ersätter den tidigare manuella täckningen av virke för skydd mot väta. Maskinen är uppbyggd av en rad moduler. ","Automatiserar tidigare manuellt arbete."
7387001,"02","Kiruna Trädplockare","Trädplockare. Kraftig maskin som plockar upp hela trädet med rötter och allt, ruskar vidhäftad jord, hugger bort rötter samt lägger hela trädet i önskat läge på lämplig plats. ","Utvinner mer virke vid avverkningen."
7392001,"02029","THV-timmervågen","Timmervåg. ",""
7393001,"02","RK 66 Snorre","Liten skotare. Snorre väger 6 ton och lastar lika mycket. Den låga vikten och marktrycket minimerar skaderiskerna på underlaget. Marbrott, rot- och humusskador har varit huvudproblem som konstruktionen vill lösa. ",""
7394001,"02","","Konsåddpistol. Överst på ett ca 80 cm långt rör sitter ett plasthandtag och en liten behållare frö. När man trycker ned handtaget faller 5-6 frön mot marken. På röret sitter 100 koner och vid varje ""skott"" faller en kon till marken. Det betyder i klartext att fröna får egna drivhus. Konen skyddar fröna från skadedjur. Konerna har ett litet hål i toppen och genom detta kan plantan växa upp. Efter ca två år kommer konen att spricka av den växande plantan. ",""
7396001,"02","","Motorsåg med automatbroms. Utsätts sågen för kast påverkas bromsmekanismen automatiskt, alltså utan att huggarens arm behöver träffa skyddsbågen.","SäkerhetsproblemÖkad säkerhet"
7397001,"20101","","Ny metod att producera flis av rundvirke, stubbar och rotbenkvist och avfallsvirke. Den nya typen av flismaskin skiljer sig radikalt i konstruktionen från konventionella flismaskiner. Den nya metoden som företaget utarbetat består av en roterande skiva av två kraftiga plåtar som sammanfogats i centrum och i ett antal koniska flisgenomgångar. På skivan finns ett efter vis system placerade lika stort antal skärhållare, med lösa, lätta, slipbara skär, som antalet flisgenomgångar på skivan. Tekniken ger ett jämt och konstant ingrepp i det material som skall upparbetas. Därvid erhåller en kontinuerlig matning av materialet med lägre ljudnivåer som följd. VVidare erhålls bestämd längd, bredd och tjocklek på flisen samt ett minimum av stick- och spånbildning. Flisen behöver inte sållas eller efterbearbetas. ","Högre kvalitet på flisen, bättre lönsamhet, snabbare etc."
7398001,"02","","Markberedningsaggregat. I utvecklingsarbetet har man försökt få fram ett aggregat som kan ge största möjliga säkerhet att erhålla en markberedningsruta av godtagbar storlek trots att det kan finnas hinder i vägen. Samtidigt med avlägsnandet av vegetationen samlar aggregatet ihop mineraljord i rutan så att en gynnsam växtmiljö för plantan kan erhållas. ","Röjer undan hinder effektivt."
7399001,"02","","Planteringsmaskin som skall kunna både markbereda och sätta en planta i markberedningsfläcken.","Flerfunktionalitet. Sparar arbetskraft. "
7400001,"02","","Ny typ av skyddsanordning för motorsågar. Innovationen innebär att kraften i kaströrelsen avsevärt minskas och huggaren därigenom får betydligt lättare att behålla kontroller över sågen vid eventuella kast. Detta är första gången ett utvecklingsarbete mellan svenska motorsågstillverkare etableras. ","Risk för arbetsskadorBättre skydd"
7401001,"20101","","Kantskydd för virkespaket. Skyddet består av två träfiberskivor som sammanbundits genom att armerad polyetenbelagt kraftpapper limmats fast på den ena sidan. Kantskydden förhindrar att stårbland, tråd eller plastband tränger in i emballage och varor. Materialet gger ett fullgott skydd för väta och fukt och rostar ej vilket är viktigt vid skydd av hyvlat virke. ",""
7402001,"20301","","Liftanordning för stora byggelement; här tak. ",""
7406001,"20101","Brädaren","Klyvnadsåg för torrt virke. Sågen har hydraulisk bladspänning, ny bladstyrning, snedställbart fritt upphängt land och enklare måttinställning än råbandsågarna. ","Noggrannare"
7409001,"02","","Stubbuuptagare. Stubben delas först varefter delarna tas upp. Metoden ger bl a följande fördelar; kraftåtgången blir bara en bråkdel av vad som krävs vid upptagning av hela stubbar. Fastvuxna stenar lossnar. Föroreningar ksrapas los från stubben. Humustäcket följer inte med stubben upp. Klena rottrådar slits av. Stubben klyves längs fibrerna, rena snitt ger små förluster. ","Gör mindre åverkan på skogen."
7410001,"02","","Fälldon; också kallat pendelsåg. Sågen är utformad med en sågdel som har formen av en sfärisk kalott. Denna är upphängd i pendelarmar lagrade på en radie som är lika med kalottens radie. Vid sågning pendlas sågen in mot trädet. För att få sågen så liten som möjligt har den byggts upp med en fast centrumdel med formen av en sfärisk kalott. På kalottens periferi har en sågring lagrats. Sågringen har sågtänder på ytterkanten och kuggar för dess drivning på innerkanten. ",""
7411001,"02","","Gallringsskördare. Arbetscykeln börjar med att kranen styrs mot ett gallringsträd, varefter fällhuvudet klipper av trädet och tar in det stående samt lägger det framför sig. Därefter bearbetas trädet samtidigt som nästa träd hämtas in. ","Flerfunktionalitet"
7415001,"02","MB25","Markberedningsaggregat som monteras bak på en större skonare. Armarna är ledade endast i höjdled. I sidled förflyttas vardera armen längs en bom, då rivhjulstallriken utsätts för sidokrafter. Aggregatet är tänkt att vara en grundenhet för vidare påbyggning av utrustning som för ihop mineraljordtill en hög på skogsodlingsstället samt av aggregat för sådd och/eller plantsättning.","Automatiserar arbete."
7416001,"02","Timber","Skyddsstövel för arbete i skogen. Benskyddet utgörs av ett flerskiktigt lager nyloncord som är ett effektivt skydd mot sågskador. Skyddet sträcker sig från stålhättan till ca 20 cm upp på benet. ","Effektivt skydd."
7419001,"02","Donaren","Markberedningsaggregat som monteras bak på en större skonare. Armarna är ledade i sid- och höjdled i infästningspunkten på dragaren. ","Automatiserar arbete."
7420001,"02","Bräcke högläggare","Högläggaren ansluts till Bräckeaggregatet (en fläckmarkberedare där två rivhjul flår av hummustäcket). Bakom varje rivhjul på Bräckeaggregatet har man kopplat till en skopa, som i den uppkomna markberedningsfläcken för ihop mineraljord till en hög. Högläggaren arbetar synkront med rivhjulet på så sätt att skopan går ned i fläckens bakre del, tar upp mineraljord och för ihop den till en hög i fläckens framkant. ","Automatiserar arbete."
7421001,"02","ÖSA 655","Markberedningsaggregat som ska anslutas till ÖSA:s skotare 260. Denna skotare är utrustad med en hydrostatisk växellåda. Genom att skotaren automatiskt avpassar kraftuttaget vid varierande belastning, ökas möjligheterna att hålla en jämn hastighet vid gång i terräng. Aggregatet består av två hydrauliskt arbetande pendelarmar, som är fästade i dragarens bakända. Varje pendelarm är försett med tre stycken ledade markberedningsbillar, som var och en separat ger efter för överbelastningar utan att de två övriga påverkas. 655 är ett fläckmarkberedningsaggregat. Föraren kan från förarhytten reglera fläcklängd, avstånd mellan fläckarna samt belastning på markberedningsorganen. ","Automatiserar arbete."
7426001,"02","","Bärgningsdrag av härdad polyester klätt med polyesterväv och med läderklädda dragöglor och en skjutbar läderskoning på mitten. Den senare för att kunna koppla V-drag med fördubblad dragkraft. ","Drar bättre, skyddar bättre.Utvecklad på uppdrag."
7428001,"02","","Mikrodatorstyrt apteringssystem för användning i de egna processorerna och skördarna. Genom mikrodatorn kommer 19 olika funktioner att styras, bl a matning av trädet fram och back, automatisk backning vid fastkörning, kapning och toppklippning., sortering av masasved repspektive timmer samt räkning av antalet timmer- och massavedsbitar samt antal bearbetade träd. Föraren får också via mikrodatorn information om var kapsvärdet och toppklippen befinner sig, sorteringsbordets läge samt om sotkcens minidiameter underskrids. ","Utvecklat för att sitta i de egna maskinerna."
7429001,"02","","Barkningsmaskin. Maskinen består av två tråg som rymmer vardera 17 kubikmeter. När ett av trågen fylls börjar fyra skruvar att rotera. De är gängade åt var sitt håll och i och med att de snurrar går hela massan runt. ","Sparar arbetskraft och tid."
7435001,"02","Doroplanter","Hydraulisk, elektronisk planteringsmaskin för skogsbruk. Planteringsmaskinen bogseras av en vanlig skogstraktor (skotare eller lunnare). För markberedning har man framför varje planteringsorgan byggt in ett markberedningsaggregat. Planteringsorganen är upphängda på glidskenor, varför de vid plantering kan fixeras i marken medan aggregatet i övrigt rör sig frammåt. Ett planteringsspett gör hål i markberedningsfläcken och plantan leds via ett rör till planteringsspettet. När hålet är öppet delas spettet i två delar och plantan åker ner med hjälp av tryckluft. Därefter packas jorden runt plantan och planteringsspettet påbörjar ny plantering. Maskinen är den första i världen som kontinuerligt planterar under gång. ","Planterar kontinuerligt under gång. "
7437001,"02","","Hjälpmedel för påläggning av kätting på timmerbuntar. Tidigare kastade man kättingarna runt lassen och det är den metod som i de flesta fall tillämpas på de ställen där man buntar timmer som man tar från en landsortering. Att kasta kätting är ett tungt arbete. Med den nya metoden fästes kättingarna med ett enkelt handgrepp i griporgan som sitter på fällbara bommar. När dessa sedan körts till sitt övre läge är det klart för timmertrucken att köra in mot de hängande kättingarna som faller ned runt bunten när griporganen utlöses med en knapptryckning. Sedan återstår endast att koppla kättinglåsen. ","Arbetsskador vid manuell hantering av kättingar."
7440001,"012","","Trämelass. Trämelassen består av de mest lättlösliga substanserna i vedråvaran för skivframställning, vilka går i lösning i tillverkningsprocessen och inblandas i processvattnet. Sedan mitten av 1960-talet återvinnes substanserna, koncentreras och torkas samt ges en viss efterbehandling som gör dem lämpliga som bl a kreatursfoder. Produkten är alltså dels rent kreatursfoder och dels en ingående ingredients i kreatursfoder.",""
7441001,"02","","Maskinsystem för småskalig avverkning av energiskog (ESO).","Utvecklat på uppdrag"
7446001,"02","","Maskinsystem för storskalig avverkning av energiskog (ESO) i företrädesvis våtmark. I systemet ingår både skördare och buntare. ","Utvecklat på uppdrag"
7447001,"02","Skogsjan","Gripprocessor. ",""
7448001,"02","Aktiv Skotten 758","Skogsmaskin med ovan nämnda gripprocessor. ",""
7452001,"02","","Markberedare med grävarm som effektivt gör rent beredningsytan från hinder. Innovationen är egentligen monteringen av en grävarm på en redan existerande beredare. En liten skopa sitter på en utskjutbar arm. Den har en räckvidd på åtta meter i en halvcirkel. Markberedaren gör sig bäst i de ritkigt oländiga terrängerna. ","Röjer oländig terräng."
7453001,"02","Skogis","Gallringsskotare. Skotaren väger endast 500 kg, är banddriven och hydrauliskt midjestyrd, vilket gör den smidig och framkomlig även i tät skog. Skotaren påminner väldigt mycket om en skoter till utformningen. ","Lätt."
7456001,"02012","Autopos","Datorstyrd kantautomat där brädämnena mäts uppifrån med modulerat infrarött ljus, på en längsgående transportör. På grundval av mätdata och data i kundtabellerna väljs bästa breddinställning i efterföljande kantverk. Kantautomaten kompletterar det tidigare kantautomatprogrammet ""Edgar"" och ""opti Edgar"". ","Effektivitet (i tidig gallring); lönsamhet för användaren; enkelhet"
7466001,"20","DOS-300","Kapsåg som med sin kombination av snabbhet och precision minskar virkesåtgången i företagets träindustri  med ca 7 procent. Kapen är styrd av fem datorer. Maskinen räknar snabbt och med stor precision ut exakt hur bra eller dålig en sändning med virke är. Den mäter, sorterar, kapar och transporterar virket. ","Utvecklat för egna behov, sedemera såld."
7470001,"20","Skogstruck JH 125","Skogstruck. Prisbilligt alternativ för att transportera virke i gallringsbestånd, samt älgar under älgjakten och övriga sysslori skogsbruket där det kan vara behov av mindre och billigare alternativ istället för att låsa kapital i dyra maskiner. ",""
7471001,"20","","Motorredskap för tyngre terrängtransporter. Ursprungligen konstruerades redskapet för transport av skjutna älgar. Det har dock visat sig att Älgtrac är ett nyttigt redskap i andra sammanhang. Redskapet kan köras av en person och klarar olika slags terrång. Lastkapaciteten är ca 500 kg, beroende på lastbärare. Älgtrac består av en främre styr- och motorenhet som är försedd med hjul för sturningen. Drivningen sker i den bakre delen via två drivband liknande det som finns på snöskotrar. Hjulen är boggimonterade på samma axel. ",""
7472001,"02","","Plaststift för virkesmärkning.Plaststiften skjuts ut med en för ändamålet specialtillverkad häftpistol. Vid användning av plaststift slipper man det inproduktiva kontroll- och rensningsarbetet samt ökar effektiviteten inom träförädlingsindustrin. ","Ställer inte till det i sågverket som metall."
7476001,"02","FS15","Maskin som gör det ekonomiskt att bl a tillvarata skogsbränsle vid slutavverkning. Den maskin som konstruerats på SIKOB innebär att skogsavverningen görs enligt helträdsmetoden istället för som nu oftast med sortimentsmetoden. Maskintypen kallas fällare/skotare. Den transporterar hela träd, kapade vid roten, ut ur skogen. Det enda som blir kvar i skogen är stubben. Fällare/skotaren arbetar enligt följande: Med ett fällhuvud grips, kapas och lastas träden. När lasset är fullt, kör den ut lasset ur skogen och tippar av det på avlägg vid bilvägen. Träden bärs av maskinen i motsats till lunnare, som släpar träder efter sig mot marken. Det finns en rad fördelar med att bära träden. ","Gör det lönsamt att ta tillvara skogsbränsle och gör avverkningen billigare."
7477001,"02","SKOGIS (mjukvara)","System för datainsamling, bearbetning och uppföljning av hantering av skogsråvaran. ",""
7479001,"02","Tugger","Terränggående motorcykel som kan transporteras på sin egen släpvagn.",""
7480001,"01","Växlarvagnen","Transportsystem som medger växling av lastbärare. På ett och samma hjulställ kan anbringas spannmålsflak, gödseltunna, gödselspridare, skogsekipage, spånbinge etc. Själva flakväxlingen är enkel och går snabbt. Till växlarvagnen kan användas en vanlig standardtraktor med dubbelverkande hydrauluttag med vars hjälp man växlar lastbärare och tippar. Grundidén är således att skaffa lastbärare som sedan kan växlas allteftersom man behöver för olika körningar. ","Gör det enkelt att växla lastbärare; kostnadsbesparande; snabb flakväxling"
7484001,"02","Lineroller","Anordning för rambarkning av träd. Metoden går ut på att två plasttrattar sätts på motorsågen. De två trattarna styr sedan när kedjan slitsar upp barken. OM man inte randbarkar ett träd går man miste om dyrbar energi, eftersom torkningen då börjar ute och går inåt till kärnan. Med Lineroller eliminerar man också risken för farliga kast. ","Rationaliserar rambarkning av träd."
7487001,"02","Woodpicker","Spik av limmad björkfaner. Spikarna är tolv millimeter långa och har en diameter på 2,7 mm. Finessen med träspiken är att den aldrig behövs tas bort från virket. ","Förorenar inte virket."
7491001,"02","Bräcke Såddapparat","Apparaten bygger på teknik som löser två standardproblem; klimat och skadedjur. Genom intermittent eller punktvis markberedning som bygger på omvänd torva -i princip fläckvisa jordhögar sker sådden med den nya maskinen på ett som gör att några frön alltid överlever. Det sker oberoende av placering på torvan, i torvans ""gångjärn"" eller i gropen som skapats vid beredningen. Detta blir möjligt genom att nedsläppen av frön görs med precision och tillförlitlighet. Principen är radsådd med ett till fem nedsläpp av ett eller två frön inom en halvmeter i planteringsstället. Med denna metod slipper man promen med klumpvisa frönedsläpp som annars är vanliga vid mekanisk sådd. Möjligheterna för senare manuell eller maskinell röjning förbättras dessutom avsevärt, i och med att probme  ted t ex snöskytte elimineras. Den nya såddmaskinen sår treradigt med en eller två meters mellanrum och är avsedd för dragfordon typ skotare, lunnare, eller bandtraktor. Apparaten har mekanisk/pneumatisk styrning. Luften används för att blåsa ut fröna samt fröutsläppen. Fröhanteringen sker skonsamt med hjälp av borstar, vilket förhindrar skador på fröna. Den tekniska konstruktionen beskrivs som enkel, robust och mycket tillförlitlig. Den vertikala placeringen av fröutsläppen ökar apparatens tillförlitlighet vid regn. Det finns också ekologiska fördelar med metoden. ","Lindrar problemen med dåligt väder och skadedjur. "
7494001,"02","Safe-T-Cut","Sprängklämma för säker kapning av kullblåsta träd. Tekniken går ut på att klämman, med en invändigt fäst sprängladdning, förs upp i trädet med hjälp av en teleskopisk glasfibertång och sedan kläms fast kring trädet där man vill kapa det. Det går även bra att aptera klämman med en kvistningsstång, som del flesta kraftdistributörer har tillgång till. Redan innan klämman förs upp i trädet har en adapter och en förlängningsstubin fästs vid den, så att det sedan är enkelt att på behörigt avstånd detonera sprängladdningen med en tändapparat. Laddningen består av pentyl och är exempelvis 15 gånger starkare än den dynamit som används inom det militära. En fördel med att all kraft går in i stammen är att man kan spränga mycket nära ledningsstolpar utan att skada dem. ","Farligt arbete vid röjning efter storm."
7497001,"02","Scorpion","Fordon konstruerat för skogsbruk och skotning av virke. Scorpion har 8 hjul och driver på de fyra främre och har hjälpdrift på det bakre hjulparet, som ska användas när ekipaget eventuellt kört fast. Maxhastigheten är 18 km/h vid användandet av bakre hjulparet 5 km/h. Scorpion har en hydraulisk griplastare för lastning och lossning. Styrs gör den med en hydraulisk joystick. Maskinen är liten, smidig och lättransporterad. ","Liten, smidig."
7504001,"02","Jabo-fläcken","Fläck-markberedare. Maskinen kan kopplas till vanlig jordbrukstraktor såväl som till en mindre skotare. Markberedaren tillverkades först i en ""enkelupplaga"" med etttre-uddigt skovelhjul men för en tid sedan lanserades ett aggregat med dubbla skovlar vilket gör att kapaciteten ökas till det dubbla. En finess med det dubbla är att man med ett enkelt handgrepp kan koppla loss markberedaren från ramen och köra enradigt om så önskas. Trots att man ökat kapaciteten med det dubbla genom två skovelhjul kan tvillingaggregatet fortfarande kopplas till en vanlig traktor eller mindre skotare. Arbetsprinicipen för fläckberedaren är att det treuddiga skovelhjulet ger en omvänd torva utan att lägga upp någon stor hög. ",""
7508001,"20","","Elsåg för motorsågsdrivna sågverk. Elsågen håller en jämnare hastighet jämfört med en dieseldriven såg, det medför lägre bränslekostnader.","Lägre bränslekostnad"
7512001,"01410","Swing Cut","Röjsåg med klinga som klarar både sly och gräs. Verktygen har två infällbara knivar som viks in när aggregatet bli överbelastat. Varje kniv är tillverkad av material som är hårt längst ut och mjukt in mot bult och bricka. Brickan är mjuk. När en kniv störs av för hård belastning böjs brickan uppåt. Man skall alltså titta på brickorna innna man drar igång sågen. Bakom en böjd bricka döljer sig något fel. ","Klarar både gräs och sly"
7513001,"20","Ecosågen","Flyttbart cirkelsågverk. Sågdelen består av två vertikalt monterade elmotorer och på motors spindel är monterad en 400 mm sågklinga av hårdmetall. Sågklingorna arbetar alltså horisontellt och vardera klingan sågar halva snittet. Sågan kan transporteras efter en vanlig personbil. Den nya sågtekniken medför en rad fördelar. Effektbehovet minskar. Den sågade ytan blir mycket slät. Risken att klingorna nyåer fast har reducerats. Små klingor är billigare än stora. Ytterligare en fördel med denna maskin är att sågaren kan arbeta med till exempel stapling, borttagning av bakar eller framrullning av stock när sågenheten arbetar. Det ger ett omväxlande arbet. De tunga lyften har reducerats så lång som möjligt tack vare att stocken lyfts på med en hydraulisk stocklyftare. ","Lättare arbete, billigare i drift."
7515001,"02","Cam Tool","Barkverktyg. Barkningsverktyget blir konkurrent till barkningsmaskinen Cambio, som dominerat marknaden i 40 år. Med det nya verktyget fås: ökad tillgänglighet, minskade vedskador, ökade matningshastighet och barkplattor med lång ståndtid. Opartiska tester har visat att skador vid verktygens uppklättring har minskat med 75 % jämfört med tidigare barkverktyg. Det är hållarens dynamik och utformning som ger den lätta uppklättringen på stocken och därmed de minskade vedskadorna. ","Mindre vedskador."
7519001,"20302","Funkoputs","Putsmaskin. Den bärande idén är bandets bana, men även upphängningen av de arbetande delarna. Bandet, med motor och drivning, samt tryckplattornas profilklossar är en egen avskild konstruktion som hänger i maskinstativet. Detta gör att de krafter som påverkar konstruktionen blir betyldig tmindre än om varje del är separat placerad på stativet, som därför inte behöver vara så grovt dimensionerat. Bandet går runt sju rullar, inklusive drivrullen, rullarnas åplacering och vinklar för att bandet så att säga centrerar sig självt. Detta gör att man kan använda ett smalare band vilket är lättare att forma med profilklossarna. Putsningen blir bättre, bandet kommer åt överallt och risken för överavverkning blir mindre. Vid slipning av fanérmantlade komponenter är det sistnämnda särskilt viktigt. ",""
7521001,"20203","Flooring Quality Inspection (FQI)","System för avsyning av laminatgolv. FQI bygger på att en datorbestämmer om den aktuella biten är godkänd eller inte. Utrustningen är integrerad i linjen, efter fräsning av laminatpanelerna. Datorn gör kvalitetskontrollen med hjälp av kameror som är riktade mot golvbitarnas långsidor, kortsidor och yta. Vid båda långsidorna finns en kamera och en laser. LAsern är riktad i vinkel mot sångsidan och ritar en linje över kanten på golvpanelen. Kameran som är riktad vinkelrätt mot laminatskivan läser av strålens längd, varje kamera tittar ungefär 3000 gånger på samma golvbit. ",""
7522001,"20302","","Självrensande hyvlerifräs med vinklade skär som plogar ner i virket. Konstruktionen ger gott om ståndtid. ","Självrenande."
7523001,"20302","","Klyvfräs. Klyvfräsen ger en perfekt yta och avverkar fem millimeter. Trots att många tycket att det är ett väl tjockt snitt har klyvfräsen sålt bra. ",""
7524001,"20302","","Maskin för kantputsning av assymetriska och svängda skivor. Maskinen är helt automatisk och en utveckling av den uppmärksammade kantputs som företaget tog fram för ett par år sedan. Maskinen klarar även negativa radier. Det verkligt avancerade är styrningen. Frammatningen sker förutom av vakuumplattans X- och Y-rörelse av en perifermatning framför putsaggregatet. Denna ger en stabil frammatning även vid stora format. Hela hanteringen sköts av tre servomotorer med kuggremsdrift. Skivans form programmeras in i en PC av operatören. ","Kan putsa rundade skivor."
7534001,"20101","","Ny metod att impregnera trä. I första läget gäller det järnvägsslipers. Metoden är uppfunnen i Kanada och det svenska företaget har ensamrätt i till metoden i Sverige.",""
7536001,"20","Uni-Max","Verktyg utan mellanringar för not- och sponthyvling med hydrocentrering. Inställningen sker med hjälp av en insexnyckel och breddmåttet kontrolleras med hjälp av en mätklocka. Konstruktionen innebär förenklingar för användaren.",""
7544001,"20101","PP 300","Pelletspress med hög kapacitet. ",""
7551001,"20101","","Småskalig, mobil pelletspress. Pressen är marknadens minsta och billigaste. Tekniken är patenterad och bygger på dubbelkomprimering med hydrauliska cylindrar. Vanligtvis arbetar pelletspressar med kontinuerlig pressning genom en matris, vilket kräver mycket kraft och större maskiner. ","Mindre än konventionella."
7554001,"20","Sawcommander","Dubbelspindlig klingsåg med flera individuellt ställbara klingor och en kapacitet på 180 meter per minut. Det som skiljer maskinen från andra dubbelspindliga sågar är bland annat en ny lösning för snittpassning.[par][par]De övre klingorna är individuellt ställbara för att exakt passning för de mötande snitten ska kunna ställas in. Motorn är specialutvecklad för att slippa vibrationer (se Samarbete).","Mer noggrann"
7555001,"20301","","Patenterad lösning för stegdämpning i trähus. Innovationen består av en extremt kraftig gummilist som tar upp vibrationer. ","Utvecklad för att sitta i de egna husen."
7563001,"20","Speedset","Tvådelad fräs. Fräsen har en alldeles speciell lösning för inställning direkt i hyveln utan nycklar och mätdon. Delarna vrids mot varandra tills rätt mått har uppnåtts. En graderad skala visar med stor noggrannhet tiondelar, så det behövs ingen mätklocka för att måttet ska bli rätt. ","Lätt att ställa in, minskar ställtider."
7566001,"20101","","Pelletspress för både små- och storskalig produktion. Den liggande konstruktionen gör att tyngdlagen utnyttjas då råvaran faller ner i matrisen och blir helt jämt fördelad. Konstruktionen tar upp krafterna på ett sätt som gör att den blir mycket stabil. Livslängden på matrisen är den dubbla jämfört med andra, detta pga att matrisen har dubbla rader med hål, de är förskjutna och när matrisen blir sliten vänder man bara på den och använder de två andra hålraderna. ","Stabil konstruktion"
7567001,"20","","Klyvfräs med mycket hög hastighet. Såväl klinga som fräs är tandformade. Att de klarar de höga farterna förklaras med en unik konkav backningskurva på släppningsytan och en förstärkt eggvinkel som optimerar värmeavgången. ","Klarar höga hastigheter"
7570001,"201","","Bandsåg med helt ny typ av mycket tunt bandsågsblad vilket ger tunnare snitt och gör att det går att sträcka ett tunt band betydligt mer än ett tjockt med biehållna fördlear.","Tunnare"
7572001,"20","","Distansring som monteras invid sågklingan. Med den nya ringen kunde klingan göras 0,4 mm tunnare och genom att den går så stabilt sparades ytterligare 0,5 mm. Det betyder att kunden får ett snitt som är nästan en mm tunnare än tidigare och räknat i utbyte på flera hundratusen kubikmedet timmer som passerar så blir det en väldig massa trä.","Bättre utbyte."
7574001,"02","","Slipautomat avsed för sågkedjor som slipar alla tänder exakt likadant och skipar både skärtand och ryttare i samma cykel. Detta är en helt ny metodik. Fixeringen av länken ger en precision som ökar ståndtiden avevärt.","Hög kapacitet; precision; ökad gång- och ståndtid; exakt repeterbarhet; effektivitet"
7579001,"20101","UM Chip Diverter","Propeller som blåser upp spån och damm i utsuget så att fräsningen blir renare och mer effektiv. Genom att propellern snurrar med verktyget så uppstår ett vakuum runt området som bearbetas så att spån och damm riktas upp mot spånhuven. Detta ger bättre arbetsmiljö med mindre spån och damm, maskinen hålls renare och ståndtid förlängs eftersom verktyget inte behöver skära spånor flera gånger. Sammantaget innebär det också färre driftsavbrott, vilket i sin tur medför bättre flöde i produktionen.","Ger bättre arbetsmiljö för användaren (minskar spån och damm); håller maskinen renare; ger förlängd ståndtid"
7607001,"02012","","Metod för skogsrensning som eliminerar riskerna med rotvältor och träd som fastnat i spänt läge. Metoden innebär att rotstocken kapas med hjälp av en lämpligt placerad sprängladdning.",""
7614001,"20101","","Träbearbetningsverktyg som bygger på en helt ny skärprincip och består av en cylindrisk fräskropp försedd med skär.","Längre hållbarhet; ger kontinuerlig bearbetning"
7622001,"01211","Unicar","System för automatiserad mjölkning. Kon placeras på en rörlig båspall, som enligt det automatiska systemet flyttas till olika stationer (foder, vatten, gödsel och mjölk). Utfordringen sker också automatiskt.","Automatisering av mjölkning; högre produktivitet; arbetsbesparande; bättre ladugårdshygien"
7632001,"13100","","Induktiv vagnvärmare. Värmaren är avsedd för uppvärmning av malmvagnar vintertid så att man snabbt och effektivt kan tömma malmlast.  En ny metod används ","Enbart uppvärmning av vagnssidorna behövs; snabbare värmning"
7653001,"131","","Förarlös gruvtruck med ett helt nytt styrsystem. Hjärtat i styrsystemet är en sändare som matar en styrslinga med högfrekvent växelström. Det magnetfält som alstras avkännes av två antenner på trucken. Om avståndet till den ena antennen minskar, registrerar fordonets reglerutrustning en skillnad i signalstyrka mellan antennerna och styr mot den starkare signalen.","Säkerhet; automatisering (och därigenom minskade driftkostnader)"
7661001,"01","","Flygburen tank som utan extra vinbelastning ökar ett flygplans last av flytande ämnen. Tanken har formen av en extravinge på flygplanet, som monteras rakt under dess huvudvingar och har sådan aerodynamisk profil att den blir självbärande. Vid flygning får extravingen därmed en lyftkraft, som räcker till för egenvikten plus lasten i vingen.","Möjliggör ökad flyglast"
7697001,"01","Natekotorken","Tork för rötslam där slammet indunstas och övergår till pulver som pastöriseras. Pulvret kan sedan utan risk och specialutrustning spridas på åkrarna.",""
7725001,"13","","Hydrauldriven bergborrmaskin för ort- och tunneldrivning. Maskinen har två fördelar jämfört med ett tryckluftdrivet bergborraggregat; den har mycket hög borrsjunkning och den ger markant bättre arbetsmiljö. Hydraulborrmaskinen är den första i världen för arbete under jord. ","Hög borrsjunkning, bättre arbetsmiljö."
7740001,"20102","Sonwood","Nytt material i vilket PVC och trämjöl ingår.","Knapphet på ädelträ och plastråvaror"
7770001,"131","TS 100","Tändapparat för sprängningsarbeten avsedd att öka säkerheten och minska antalet bomsalvor. Vid systemet sköts uppladdning av tändapparat och skjutning via telenätet.","I takt med gruvindustrins introduktion av centrala skjutsystem och eltändkapslar har antalet bomsalvor ökat kraftigt.Minskat antal bomsalvorUtvecklat på uppdrag av Boliden"
7777001,"02012","","Traktorband av stål och gummi för boggin till skotare, avsedd för att minska skadeverkningarna på trädens rotsystem vid skogsgallring. ",""
7782001,"02029","Tydraul","Förskjutbar släpboggie för skogstransporter som ger tidsbesparingar. Släpet är så konstruerat att hjulboggien kan förskjutas framåt under lastytan så at fordonet blir mer lättmanövrerat på slingriga skogsvägar.","Möjliggör tidsbesparingar vid lastning av timmer"
7796001,"02014","","Maskin som tar upp granplantor avsedd för verksamhet kring skogsplantering.","Arbetsbesparande; effektivitet"
7809001,"20101","","Såg med horisontell klingmatning av den roterande klingan som minskar riskerna för att arbetsstycket slungas mot operatören.","Skärpta krav på säkerheten hos byggsågarSäkerhet"
7827001,"02013","","Fjärrstyrd vinschskotare avsedd för kvistning och kapning av gallrad skog. Skotaren är utrustad med två kombinerade vinschar och kranar som manvreras via bärbara radiosändare.",""
7829001,"20301","Husplan","Datasystem för kalkylering och produktionsplanering vid trähustillverkning. Systemet registrerar kundorder i en databas som för varje kundorder innehåller 'recept' som anger vilket hus köparen beställt och vilka ändringar som ska göras.",""
7845001,"02","","Gummikudde som ersätter brytjärnet vid avverkning och därmed gör skogsarbetarens jobb lättare och säkrare. ","Risker vid trädfällningLättare, säkrare."
7852001,"02012","","Pistol som laddas med gifttabletter för att rensa bort sly, buskar och oönskade lövträd.",""
7856001,"131","","Aggregat som mekaniserar skivrasladdning i gruvor, den process där sprängämnet ska föras upp i borrhål i gruvortens tak. Vid manuell laddning är risken för ras från tidigare sprängningar stor och arbetet är tungt och obekvämt. Aggregatet består i princip av en behållare med sprängämnet i pulverform, en rulle med laddslang och en arm som kan manövreras till borrhålet från en skyddad plats.","Mekanisering"
7859001,"1823","","Världens första automatiska skjortknäppningsmaskin. Maskinen arbetar på följande sätt: Först fixeras dragknapphålet över en hake, och knapphålsraden läggs mot en kant med klamrar. Maskinen lägger ner knapphålsraden över knapparna som bygger på en borstrand. Hakar söker sig igenom knapphålen förs över knapparna och ställs på kant för att knapparna ska lutas. Därefter drar hakarna knapparna genom kanpphålen, hakarna styrs tillbaka så att knapparna kan passera genom hakarna.","Automatisering; snabbhet"
7871001,"0113","","Teknik för bärskördning. En rad skakdon tar sig fram genom bäbusken och skakar den så att bären faller ned. Skördemaskinen kopplas till en traktor som körs bredvid bärbusken. Via traktorns kraftuttag drivs skördemaskinens hydrauliska motor. ",""
7892001,"0201","Cerkon","Plastkon som fungerar som miniväxthus som ska användas vid frösådd. Konen placeras över fröet som såtts i skogen. Efter tre år är plastkonen helt nedbruten och har blivit till koldioxid och vatten. Fördelen med miniväxthuset framför plantering är att varje planta blir avsevärt mycket billigare. ",""
7897001,"02013","","Stubbrytningsaggregat. Aggregatet monteras direkt på en skogstraktor, skotare eller liknande som är försedd med lastarm. Vid maximal belastning på traktorkranen 1000 kg får man en luftkraft på tången på 36 ton. En jägmästare hävdar att stubbrytning är det enda sättet att rädda den svenska skogen från snytbaggen. Stubbrytning ger också energi till låga kostnader. ","Patenterad teknik. "
7919001,"02013","Tumlaren","Stubbrensare. När stubbarna rensas direkt på hygget minskar kostnaderna för att ta dem till fabrik. Fabrikerna gör t ex stubbflis av stubbarna. ","Utvecklad på uppdrag av Stora Kopparberg. "
7939001,"02013","","Träduppdragare; ett hydrauliskt redskap som greppar tag, bryter upp och skalar rotgrenar av trädet. Med den nya tekniken kan 25 % mer av skogen tas om handl ",""
7944001,"02013","Skellefteterminal","Metod för att tillvarata gallringsvirke. Okvistat och buntat levereras det till en terminal där virket maskinbearbetas. Hälften blir pappersmassa, hälften råvara till energiproduktion. Röjning och gallring av skog är eftersatt på många håll p g a dålig lönsamhet, med den här uppfinningen hoppas man att lönsamheten ska öka. ",""
7959001,"13100","","Malmlossningsvagn som tömmer malmen automatiskt. Tömningen sker genom att vagnkorgen, som är lös men förbunden med underredet med kedjor, lyfts när den passerar upphöjningar i rälsen, s k styrbanor. Bottenluckorna öppnas då automatiskt av lastens tyngd och avlastningen sker. ","Snabbare"
7980001,"13100","","Ny metod för gruvbrytning. Det omgivande berget hålls intakt genom isfrysning där malmen tagits ut Metoden ger möjlighet till selektiv utvinning av malmen, nästan ingen gråbergsinblandning och fullständigare malmuttag. ","Bryta med is. Effektivare"
7982001,"13100","","Förbättring av den s k ""non-elstubinen"". Det är en stubin som utlöses på mekanisk väg, alltså inte med elektricitet. . Det är framförallt i gruvnäringen stubinen används, då man är rädd för vådatändning av de elektriska stubinerna. ","Mindre känslig"
7986001,"011","","Odlignspapper baserat på torvfibrer. Torvfibrerna ger pappret egenskaper som gör det lämpligt för odlingsändamål. Det är t ex lätt att plöja eller harva ned efter odlingssäsongens slut. Pappret är i första hand avsett för odling av grönsaker i torra, sterila områden (t.ex. öknen). ","Torvfibrer på papper"
8015001,"204","Nitspiken","Spik med ""synålsöga"" i den vassa änden. Öglan pressas isär när spiken når mothåll och förhindrar att den vandrar i trät. ",""
8020001,"201","","Utrustning för komprimering av talltoppar. Innan har det inte varit lönsamt att ta hand om klenvirke men med den nya metoden går det att bättre nyttja transportfordonens lastkapacitet. ",""
8039001,"131","","Bergbult i glasfiberarmerad polyester. Bulten är billigare än stålbultar, sett till den totala bultningskostnaden. ",""
8065001,"02029","Hälleforskalkaren","Automat för automatisk och kontinuerlig kalkning av sjöar. Kalkningsautomaten sätts ut vid bäckar. ","Försurade sjöarKontinuerlig kalkning"
8070001,"0121","Dacamatic","Datoriserad utfodringvagn. ","Exakt utfodring. "
8078001,"131","Swellex","Bergbult av stålrör som hindrar gruvtak att rasa. Den är avsedd för bergförstärkning i tunnlar och bergrum. Den finns för borrhålsdimensioner om 33 - 39 mm i berg och fylle runder expansionen ut hela borrhålet, inklusive eventuella ojämnheter i hålet. bulten är avsedd för temporära förstärkningsuppgifter inom gruvindustrin och vid tunnelarbeten. En stor fördel hos metoden är att den omedelbart ger full verkan, dvs full hållfasthet hos det aktuella bergavsnittet. Bultsättningen kan utföras av en man, vilket innebär en snabb och ekonomisk förstärkningsmetod. Ett hopvikt stålrör stoppas in i ett borrhål och fylls med vatten. Vattntrycket får röret att utvidga sig och fastna i borrhålet. Det fungerar därefter som en bergbult och håller ihop sprickorna i berget. ","Lastupptagningsförmåga"
8085001,"20302","","Profilsystem för beklädnad av träfönster. Med profilsystemet blir fönstrena näst intill underhållsfria. Profilerna är i stål. ","Mycket underhåll av träfönster. "
8111001,"011","","Konstgödselspridare av modell större. Om jordbrukaren kan köra i några få fasta spår, så kan maskinen användas långt i i växtsäsongen, eftersom det är förhållandevis lite gröda som förstörs om spåren är få. Då kan jordbrukaren gödlsa fler gånger med mindre givor än vad som är vanligt idag då jordbrukare gödlsar mellan en och två gånger om året. Då minskar också avrinningen av gödsel till vattendrag och grundvatten. Det innebär mindre övergödning. ","Övergödning.Gör färre spår."
8112001,"0112","","Pneumatisk planteringsmaskin för sallads- och blomkålsplantor. ","Underlättar och snabbar upp."
8122001,"02013","","Multifunktionell skogsavverkningsmaskin. Maskinen fäller träd och transporterar sedan ut dem ur skogen. Upprinnelsen till innovationen är den allt större utbredningen av helträdsavverkning och den förlust som görs när träden släpas ut ur skogen. ",""
8128001,"0122","","Hästsko i anodiserad aluminium. Ytskiktet gör skon är lika hård som vore den av stål samtidigt som den är hälften så tung. En annan fördel är att anodiseringen förhindrar att galvaniska strömmar uppstår mellan hästskon och hoven. De ger ofta upphov till sprickbildningar i hoven. ","Hälften så tung, mindre skador. "
8129001,"02013","","Hydrauldriven kombinerad såg- och klyvmaskin. Maskinen matas med stockar som den med en kedjesåg kapar i lämplig kubblängd. Kubben faller ner i klyven där en hydraulkolv trycker kubben genom ett stjärnformat klyvjärn. ",""
8149001,"02013","","Specialmaskin för skörd av energiskog. ",""
8167001,"02013","Tree-Max","Skogsmaskin som rycker upp hela träd med stubbe och rotsystem. ",""
8172001,"0112","Reometer","Apparat för kontroll av ett materials reologiska egenskaper. Kan handla om t ex viskositet. ",""
8188001,"01228","","Skärtillsats till slipmaskin avsedd för verkning av hovar. ","Tungt arbete vid verkning av hovar. "
8193001,"02","","Plaststift för fästning av etiketter på virke. ","Metallskrot fastnar och förstör virkessågar. "
8203001,"13","","Hängflak av gummi. Gummi kan under vissa omständigheter vara hållbarare än stål. På grund av sin elasticitet deformeras inte gummi om man utgår från att gummit har rätt tjocklek. Gummit dämpar buller som uppstår vid lastning. ","Buller vid lastning.Längre hållbarhet, mindre buller. "
8211001,"011","","Soldriven vattenpump. Pumpen drivs av en varmluftsmotor. Varmluft eller freon från solpanelen går in i överdelen av motorn. Den är förbunden med den nedre behållaren medelst en rörledning med ventiler. När pumpvattnet kyler luften så uppstår en kolvrörelse och ett tryck i vattenbehållaren som motorn är placerad i. Den börjar då suga vatten ur brunnen och pumpa det vidare till ett vattentorn eller en behållare en bit upp i luften. ",""
8212001,"01111","","Solfångare för spannmålstorkar. Absorbatorn i solfångaren består av ett löst pressat fibermaterial av samma typ som används till isolering i bilar. Finessen med ETAB: s solfångare är att man får en mycket större värmeöverförande yta genom att suga luft genom hela absorbatorn med hjälp av en fläkt. Att ytan blir större beror på att varje tråd i fibermaterialet tar upp värmstrålning. ","Större värmeöverförande yta. "
8225001,"13","GT35","Gasturbinsanläggning. Speciellt lämpad för hantering av gruvgas, som dels has betydligt lägre vrmevärde än vanlig naturgas, dels en varierande halt metangas. Turbinens reglersystem klarar också snabba växlingar i gasens sammansättning. ",""
8238001,"202","","Metod för att avfetta furufanér. ","För mycket spill.Utvecklat för egna behov men ska även säljas. "
8241001,"011","","Separator som gör det möjligt att framställa luktfrit höns- och svingödsel. De fasta beståndsdelarna tuggas sönderoch den finfördelade flytgödseln pumpas sedan upp till en specialtillverkad separator. Där skiljs den flytande delen bort och går ner i en brunn. De fasta beståndsdelarna i gödseln slungas från separatorn ut på golvet i det speciellt uppsatta tältet där hela processen försiggår. På golvet finns en fläkt som är kopplad till ett långt rör. Med en meters mellanrum ligger ytterligare sex rör kopplade i vinkel till det längre räret- I rören finns små hål som blåser kalluft genom komposthögen som ligger ovanpå. Förmultningsprocessen styrs genom dosering av luften. Med rätt lutning kommer det hela igång på några timmar och redan då är temperaturen uppe i 67 grader. Efter sex veckor är temperaturen 37 grader och lukten är borta.","Luktfri gödsel."
8268001,"41002","","Teknik för avsaltning av havsvatten genom omvänd osmos. ",""
8379001,"02013","","Mikrodatorstyrd skogsmaskin. Maskinen är den första i sitt slag som arbetar enligt den s k värdeapteringsprincipen. Det innebär att virkesvolymen hos ett träd utnyttjas på ett sådant sätt att det ekonomiska ytbytet blir så stort som möjligt. De dagsaktuella virkespriserna matas in i en databas. Därefter är det bara för maskinföraren att fälla ett träd och mata in vilket trädslag det rör sig om. Maskinen arbetar sedan direkt mot prislistan. Trädets dimenstioner mäts och datorn beräknar hur trädet bör kapas för att det maximala virkesvärdet ska kunna tas till vara. ","Mikrodatorstyrd. Optimerar uttaget av virke. "
8422001,"20101","","Mätram för sågverk. Ramen mäter diameter och form hos varje individuell stock. Mätramen minskar spillet för sågverken. Mätningen sker med lysdioder och dubbla fotoceller. ",""
8461001,"13200","Mikrosonden","Analysinstrument för sökning av tunga mineraler, exempelvis guld. Instrumentet är en kombination av ett engelskt analysinstrument och en japansk elektronminsond. Mätdatorn söker automatiskt efter provet och identifierar kornen med hjälp av bildbehandling och röntgenanalys. Instrumentet kan hitta guldkorn eller andra intressanta saker, ner till en storlek på en tusendels milimeter. ","Utvecklat för egna syften. Processinnovation."
8499001,"02012","","Helikopterburen såg för grenröjning. Sågen fungerar som en vanlig motorsåg, men istället för svärd och kedja har den en balk med tio friliggande sågklingor.","Lägre kostnader för användaren"
8573001,"131","","System för behovsstyrd ventilation av gruvor. Man sätter radiosändare på lastmaskiner, dumpers och arbetsplattformar i gruvan. Sändarna lämnar ett kodat meddelande som talar om vem man är och var man är och hur mycket luft fordonet behöver.  Systemet är behovsstyrt och frisk luft styrs till de områden där luft förbrukas. Systemet är uppbyggt runt två huvudkomponenter; dels en radioutrustning med vars hjälp varje fordons position (det är fordonen som förorenar luften) kartläggs. , och dels ett system för varvtalsreglering av sekundärfläktar för att ge varje brytrum erforderlig luftmängd. Genom kommunikation till gruvans processdator adderas gruvans spridda ventilationsbehov och primärfläktarna vid marknivån blåser ner en anpassad luftmängd. ","Energibesparande; snabbare svarstid (mellan sändare och mottagare)"
8644001,"01131","","Lagringsteknik med vilken extremt låg syrehalt gör frukten hållbar under lång tid genom att mognaden bromsas upp och äpplena ""vilar"" före de mognar. Den låga syrehalten kommer av att man blåser in kvävgas, som tränger ut syret ur luften i lagerrummet. ","Frukten håller sig fräsch längre."
8741001,"02013","Ecoplugg","Biologisk nedbrytbar plugg i plast för slyrensning.",""
8758001,"20103","","Metod för tryckimpregnering med linolja. Miljövänligt impregneringsmedel för trä. Medlet är en modifierad oljeprodukt. Medlet får så låg viskositet så att det kan tränga in i kärnan av träet. ","Ger färg som sitter kvar längre; blir svårare att mögla"
8781001,"20203","","Pressat trä som tillverkas med en patenterad isostatisk pressningsmetod.","Applicering av teknologier på nya områden (Quintuspressen applicerad på trätillverkning)"
8789001,"01111","Cedomon","Biologiskt bekämpningsmedel baserat på bakterien Pseudomonas chlororaphis som producerar små mängder lätt nedbrytbara bekämpningsmedel direkt på det groende kornet. Medlet kan ersätta några av de giftiga kemiska preparat som idag används vid betning av spannmål, då utsädet skyddas mot sjukdoma.",""
8803001,"02029","","Metod att lastsäkra med vakuum. Lastsäkringen går till så att en tätningsduk läggs öve lasten. Med en vakuumpump minskas trycket inne i duken som då pessas mot godset. Därmet pressas också godset mot flakytan vilket ökar fiktionen och därmed motverkas risken att lasten ska glida eller tippa. Fördelen med vakuumsäkring är att den går betydligt snabbare än konventionell säkring med spännband.","Tidsbesparande; mindre risk att lasten ska glida eller tippa"
8835001,"02","Rotfinder","Instrument som detekterar mängden röta i träd. Tekniken bygger på att de metaller (mangan och kalium) som tas upp av trädet när det börjar ruttna spåras genom att elektricitet tillförs trädet. ",""
9014001,"01","Thermoseed","Teknologi för att med varm luft i en fluidbädd blåsa utsäde fritt från smittor och sjukdomar.","Vidareutveckling av en uråldrig metod där man doppade säckar med utsäde, först i varmvatten och sedan i kallt, innan det torkades och lagrades inför vårsådden."
9039001,"01","EH92-527-1","Gentekniskt förändrad stärkelsepotatis. Potatisen är inte till för att ätas utan för att användas som stärkelseproducent till industrin. ",""
9048001,"02012","","Papper som är vattentätt baserat på katalytisk process som ger nya egenskaper hos cellulosa och kan användas för att impregnera trävirke så att det står emot röta och eld, eller för att göra bommullstyg vattenavstötande.","Ny teknik som ger cellulosa helt nya egenskaper. Papper görs vattenfrånstötande genom att en fettsyra bundits till cellulosamolekylen."
9089001,"20301","","Nytt byggsystem för höga trähus med en balken som klarar långa spännvidder och dämpar stegljud.","Materialsnål konstruktion; klara långa spännvidder; dämpar stegljud"
9120001,"01410","","Miljövänliga gödselmedel för trädplantor som bygger på aminosyror vilka innehåller det kväve som växterna behöver. 2008 vil Swetree börja testa gödsel också på andra typ er av plantor","Forskningsresultat gällande aminosyror som ska användas i framställningen av gödselmedlet"
9226001,"20101","X-block","Energisparventil som kan monteras på befintliga tryckluftscylindrar och få dem att gå fortare, jämnare och tystare och bara dra hälften så mycket tryckluft som tidigare. Det sänker energikostnaden med minst hälften.","Ger fortare, jämnare och tystare tryckluftscylindrar; drar bara hälften så mycket tryckluft; sänker energikostnader; sänker luftförbrukningen"
9250001,"17403","Peranet","Strängsprutat plastmaterial med galler- eller nätstruktur som produceras med en för den nordiska marknaden ny teknik","strängsprutformningsteknik"
9305001,"13100","Orebed Magnetic Lining","System för infordring av malm, uppbyggt av keramiska permanenta magneter invulkade i gummi","energibesparing; ökad kapacitet"
9408001,"20103","MODOLOG","Polymeriska impregneringsagenter för (gran-)trä","dimensionsstabilitet"
9412001,"02","Kockum Arbomatic Processor","Maskin för skogsindustrin som används vid bearbetandet av avverkat timmer (t.ex. för avkvistning etc.).",""
9415001,"013","","Jordförbättrande produkt som är resultatet av en ny process som istället för att bränna barkavfall, vilket är ett miljöproblem, konverterar barkavfallet till denna produkt","bränd bark var ett allvarligt miljöproblem"
9417001,"201","","Nytt emballagematerial av papper. Pappret är högtöjbart med mellanliggande plastfolie och asfaltlaminering.","Säkerhet, fuktavvisande, lägre kostnad för användaren; ger sågverken möjlighet att skära ner distributions- och hanteringskostnader"
9418001,"20301","Vänerply Profil","Ny typ av plywood, avsedd för utvändiga paneler vid småhusbebyggelse, som framställs med ytfaner",""
9423001,"201","Sandvik ""minivib""","Cirkelsågklinga i hårdmeall som ger mindre buller genom att en urvarvning i klinglivet är fyllt med ett ljud- och vibrationhämmande material",""
9431001,"02","Volvo BM 900 (eller ""skördaren"")","Ny skogsmaskin som har högre kapacitet och kan både fälla, kvista och kapa ","Högre kapacitet, kan både fälla, kvista och kapa"
9432001,"201","P-Såg","Nytt minidatorbaserat styrsystem för sågverk. Från någon av dataterminalerna i sågverket kan man utan dröjsmål få de besked man önskar. T ex produktionsrapporter, uppgifter om sågutbyten, avbrottsstatistik eller kontroll uppgifter gällande brädernas dimensioner.","Utvecklad för den egna anläggningen, sedemera försäljning."
9433001,"02012","","Ny traktordriven flishuggarmaskin som är självmatande",""
9436001,"201","","Vattenkyld klingsåg med tunnar sågsnitt, mindre sågbyggnad och högre kapacitet","tunna sågsnitt, mångsidig postning med tunna sidobräder, enkel verktygsskötsel, god måttnoggrannhet"
9446001,"02012","Kockums 81-11","Liten skogsmaskin för 'tidiga gallringar' som genom sin litenhet lätt tar sig sin i skogsbestånden och fäller de rätta träden","Avlastar personalen; gör tidiga gallringar lönsamma; enkelhet; möjliggör en förlängd gallringssäson; kan arbeta i fraktionerad slutavverkning"
9448001,"02","NACO procesen","Ny process för produktion av blekt massa.","Mindre produktionsenheter"
9454001,"20101","","Ny virkestorkare som genom att undanröja organiska upplösare drastiskt minskar energikonsumtionen. Problem vid konventionella virkestorkare som opererar med stora luftmängder äär att virket torkas ut. Genom att använda turbulent luft begränsas den nödvändiga luftbolymen vilket besparar en stor energimängd. ","minskar mängden luft som går åt vid torkning; energibesparande"
9458001,"201","Pulco Blåskydd","skyddsmedel mot blånads- och mögelsvampar där den aktiva substansen är ortefenylfenol för sågat virke",""
9460001,"01124","","automatiserat bioenergisystem som konverterar skogsrester till bränsle, som bygger på en ny mobil kvistningsmaskin","profitabilitet för användaren, energibesparande"
9462001,"02","","Tabletter som tar död på träd som skapar lövslyproblem genom att tabletter förs in i trädstammen","problem med lövsly på hyggen"
9464001,"02013","","Anläggning som bygger på ny barkningsteknik som gör det möjligt att barka eucalyptus oavsett ålder.","hög kapacitet"
9524001,"02","","Maskin som komprimerar avverkade träd till hanterbara stockar som sedan kan forslas ut ur skogen. Det fällna virket blir mer hanterbart och hela processen blir smidigare.","Smidigare hantering av avverkat timmer"
9525001,"02","","Maskin som komprimerar avverkade träd till hanterbara stockar som sedan kan forslas ut ur skogen. Det fällna virket blir mer hanterbart och hela processen blir smidigare.","Smidigare hantering av avverkat timmer"
9552001,"17300","Jetair luftinjektionsssystem","Luftinjektionssystem för bomfärgningsapparater. Systemet består av en luftdysa och en manöverpanel för mätning och reglering av luft tillförseln. ","Låg tryckdifferens (för att undvika tillplattning och sträckning i varan)"
9553001,"182","System Asea-Montex","Produktionsapparat för beklädnadsindustrin som ger rationaliseringsvinster och är en vidareutveckling av Aseas drivutrustning 'Thyristop'.",""
9556001,"17600","","Avsyningsmaskin som tillåter att den flata trikåslangens båda sidor kan avsynas vid endast en passagen genom maskinen.","Steglös reglerbarhet"
9557001,"17600","","Uppskärningsmaskin avsedd för uppskärning av rundstickad trikåväv.","Steglös reglerbarhet; precision"
9558001,"17600","","Krympmaskin för rundstickad trikå som reducerar krympeffekten vid tvätt av de färdiga plaggen och eliminerar också centrifugerings- och våttafflingsprocesserna av varan vid beredningen.","Reducerad krympeffekt vid tvätt av plagg"
9561001,"18","Erwotex 1001","Fixeringspress för påpressbara mellanlägg som aretar enligt en ny princip. Pressens arbetssätt tillåter hög kvalité vid vidhäftning mellan tyg och mellanlägg samt hög produktionskapacitet.","Hög kvalité vid häftning mellan tyg och mellanlägg; hög produktionskapacitet; skonsamhet; låg vikt (lätt att transportera)."
9562001,"182","","Specialkonstruerad lager- och transportlåda och galge som huvuddel av ett system för lagerhållning och leverans. Direkt efter pressning hängs plagget på galgen so placeras i lådan. Lådan eliminerar bekymmer med lagerdam. ","Problem med reklamationer.Minskat lagerdamm; bättre hållbarhet för kläder under lagring och transport."
9563001,"18","Gerber Cutter System","Lägg- och tillskärningsbord där bordskivan har små hål. Genom hålen blåses luft så att man får en luftkudde mellan bordskiva och materiallägg.","Låg friktion mellan lägg- och bord."
9564001,"18","Roto-Sieve","Roterande siltrumma för rening av avloppsvatten från bl.a. textil- och garveriindustrier. I trummans första del med fin perforering uppslammas suspensionen till trögflytande konsistens. Skruvtransportören vidarebefordrar massan till nästa fack, där avvattningen fortsätter medelst medbringaren. En roterande borste rensar kontinuerligt siltrumman.","Verkningsgrad"
9566001,"18221","","Halvautomatisk maskin för tillverkning av kavajer som ingår i en metod för applicering av axelvaddar. Kombi-mellanläggen är avsedda för frontfixering utan användning av extra bröstbelägg och därför är basväven vävd i rapporter med olika styvnadsgrad. Detta vävnadssätt eliminerar behovet av extra bröstbelägg och man sparar således material och tid.","Tidsbesparande; lägre användarkostnaderAnpassad till ny produktionsmetod för tillverkning av kavajer."
9569001,"181","Texvac-metoden","Metod för vacuumförpackning av skrymmande textilier som minskar volymen ger bättre produktskydd och minskar risken för rynkor och veck på plaggen. Förpackningsmaerialet är en plasfilm med låg ångpermeabilitet. Inpackningsmaskinen kränger filmen över plagge under en uppåtgående rörelse of för det in i vacuumkammaren där förpackningen förvandlas till en platt styv och lätthanterlig enhet.","Reducera volymen; undvika veck i textilierna"
9570001,"172","","Vävmaskin med två skilda vävbanor där ett och samma spjut växelvis för in väft i de båda skälen.",""
9571001,"17","","Datastyrd maskin som quiltar med hjälp av ultraljud.","Produktionshastighet; hög slitstyrka i produkten"
9572001,"181","","Numeriskt styrd laserskärmaskin som anpassas till ett koordinatbord för tillskärning av modellpapp.","Snabbhet"
9573001,"172","","Tillsatsaggregat för rotorspinnmaskiner.","Vävbredd; hög effektivitet."
9576001,"172","Väv-Kalle","Kasettvävstol som består av en grundstomme med trampanordning. På stommen läggs en kassett som innehåler varpbom, träckbom, lättmetallskaft med stålsolv, skedlag, bröstbom och tygbom. Om man har tre kasetter innebär det att man kan göra undervisning i tre pass om dagen på samma yta som man tidigare körde ett. ",""
9579001,"17549","","Brodérmaskin med en avancerad transportmekanism som gör att fyllningen av exempelvis en bokstav blir riktig. Maskinen är välanpassad till både seriemässig och ateljéverksamhet tack vare enkel programmering via tangentbord.","Stygnhastighet; riktighet (i fyllning av exempelvis bokstäver)standardisering"
9581001,"181","","Pressmaskin som innebär att överblocket förskjuts bakåt så att underblocket friläggs helt samtidigt som värmekällan avlägsnas från pressaren.",""
9585001,"1823","","Ultraljudssvetsning av knapp direkt i skjorta. Skjortan blir genom processen färdigknäppt, varför detta moment sparas in. Ena framstycket fixeras i ett bestämt läge. Över detta läggs det andra framstycket med färdigtränsade knapphål. En tryckplatta trycker knappen genom knapphålet mot undertyget samtidigt som en ultraljudssvets går genom knappen som smälter fast i undertyget.",""
9586001,"176","Laser-Kryss","Laserskärmaskin för exakt mönsteranpasad tillskärning avsett för rutiga och randiga trikåtyger. Laserstrålen markerar ett skarpt och tydligt ljuskryss i rät vinkel. Med hjälp av ljusmarkeringen läggs tyget exakt trådrätt.","Ger exakt mönsteranpassad tlilskärning"
9587001,"182","","Ny rundstickmaskin med en mikrodator som kontrollerar nålarna individuelt såväl i cylinder som ribbskiva vilket bl a gör det möjligt att välja alla kombinationer av masktransfereringar mellan cylinder och ribbskiva.","Fler mönstringsmöjligheter."
9595001,"18210","","Golvmonterat produktionslinje som innebär effektivitetsökning, snabba genomloppstider samt möjlighet till att producera korta serier utan effektivitetsförluster.","Snabba genomloppstider; möjlighet till arbetsväxling; ökat arbetsinnehåll; ökad grad av självbestämmande för textilarbetarna"
9600001,"17403","Nobic Systems","System av långsträckta rullbara bärelement för stödelement till utomhusmarkiser till restauranger, stegar för räddningsflottar och utrymning av byggnader samt rullbara bårar.",""
9610001,"18210","","Fluorkarbonbehandlad cambricväv för användning i operationsrockar. Fluorkarbonerna har en låg ytspänning vilket gör att vätskor inte väter materialet, samtidigt som materialet har god ånggenomsläpplighet.","Låg ytspänning; hög ånggenomsläpplighet."
9614001,"18221","","Laserskärmaskin för kostymskärning som styrs med styrdata.",""
9720001,"20101","","System för avskiljning av metallföremål vid pneumatisk flistransport. Systemet fungerar så att en i en transportledning inbyggd spole indikerar metallföremål som passerar. Den ger då en impuls som dels stoppar materialtillförseln till systemet och dels öppnar en ventil som släpper ut det indikerade föremålet ur ledningen.",""
9722001,"01410","Gödjord","Material som kan ersätta matjord i gräsmattor, rabatter, parkanläggningar, idrotsplaner m.m. som är fritt från rotogräs, klumpar och sten. Materialet  består av sand och rötslam. ","Fuktighet, ökad mikrobaktivitet"
9734001,"13100","","System för automatisk styrning av förarlösa truckar. Systemet är uppbyggt kring en fast sändare som mäter en i marken nergrävd styrslinga med högfrekvent växelström. Det magnetfält som då alstras uppfattas av två antenner monterade på fordonet. Minskar avståndet till den ena antennen medför detta en starkare signal och fordonet svänger.","Teknologi för automatisk styrning av förarlösa icke spårbundna fordonAutomatisering"
9740001,"02029","Sonoforce","Produkt som genom att låta ljudet från en 'tyfon' aktivera den inblåsta luften undviker valvbildningar hos bulkmaterial och erhåller ett jämnare flöde vid lastning och lossning. ","Kräver mindre utrymme och ger större last."
9789001,"20","","Ett brandsläckningssystem, en kolsyreanläggning, dimensionerad för att kunna släcka brand i motorrum och hydraulutrymmen. När brand uppstår utlöses en termokontakt som i sin tur utlöser en röd blinksignal i förarhytten. ","Bränder i processorer och andra stora skogsmaskiner medför ofta totalförstörelse och kan orsaka skogsbränder."
9937001,"02","Mobeel","Programvara som möjliggör lagring av data som skickas från skogsmaskinförare till mobiltelefoner. Datan skickas till central terminal så fort det finns täckning inom GSM-nätet. ","Utvecklat på uppdrag."
9948001,"01","","Skräddarsydd datalösning för Svenska Lantmännens logistik av djurfoder. Komponenterna består av Silo on Line, Logicenter, Logibulk och Logiserver. ","Sparar tid."
10086001,"01","Tryckaren","Anordning för utgödsling i stall. Tryckaren är patenterad och består av en drivenhet, tryckstation, transportör, gödselskrapor och hydraulcylinder.",""
10107001,"02","","Rotator för vridning av hängande kranlaster. Den nya rotatorn kännetecknas av enkel konstruktion, högt vridmoment, låg vikt och lågt pris. Eftersom den har konstruerats för att klara laster på upp till 8000 kg bör den enligt uppgift inte bara bli intressant för skogsindustrin utan även för bygg- och transportsektorerna samt för den tyngre verkstadsindustrin.","Högt vridmoment, klarar tung last."
10148001,"02021","","Station för inmätning av timmer. Mätningen av timmer kan nu utföras i uppvärmd lokal med rätt belysning. Stor vikt har lagts vid den ergonomiska utformningen av arbetsplatsen. Stationen kännetecknas av en ombonad arbetsmiljö. Bländfri belysning, låg bullernivå och rätt arbetshöjd på mätbordet. ","Arbetsförhållanden förbättrade. "
10190001,"01","","Traktorserie. Konstruktionen är unik i det avseende att framaxeln är placerad mitt under motorn och att den rymliga bränsletanken på 180 L bildar en bärande del av chassiet. Axelns placering ger mycket gynnsam viktfördelning och därmed goda dragegenskaper. Kraftöverföringen till den drivna framaxeln är helt inbyggd och väl skyddad. Fyrhjulsdriften tillsammans med att traktorn är robust och har släta botten- och sidoytor, stor frigångshöjd och låg tyngdpunkt gör den också användbar i skogskörning. ","Framkommen genom samarbete."
10506001,"17","mute:on","Ljuddämpande tyger. ",""
10550001,"4100","puls-IR-instrumentet","Instrument som använder infrarött ljus för att mäta koncentration av exempelvis aktivt slam i ett reningsverk. Mätaren arbetar genom att en infraröd ljusblixt får genomlysa slammet. Sedan mäts det ljus som tränger igenom slammet och på så sätt får man fram slam-koncentrationen. Instrumentet har ett stort mätområde och flera användingsmöjligheter.","Reduktion av polymerförbrukning; stort mätområde"
10564001,"01115","Biomatic Komplett","Varmluftsanläggning för eldning med flis, sågspån och torv, i första hand avsedd för spannmålstorkar, växthus, sågverk och industrier. Systeet är uppbyggt av två enheter, en varmluftspanna med automatiskt styrd förbränning samt en fastbränslebehållare (kallad Biomatic Komplett). Fastbränslebehållaren består i sin tur av bränslebehållare och en helautomatisk utmatningsanordning vilket minskar risken för att bränslet fastnar.","Automatisering (av förbränningen)"
10574001,"4100","","Miljövänligt renspumpsystem med ett patenterat magasin. Systemet består av en mammutpump med kompressor, en dykarledning och ett magasin.  Risken för bräddning vid driftstopp och därmed förorening av näraliggande vattendrag elimineras i renspumpsystemet som inte har något bräddvlopp.","Patenterad teknologi som förhindrar driftstopp.Energibesparade; eliminerar risk för bräddning vid driftstop och därmed förorening av näraliggande vattendrag; medför lägre kostnader."
10579001,"4100","","Anläggning för vattenrening baserad på principen att man använder recipienten havet som utjämningsbasäng. Systemet består av horisontella flytbassänger där själva recipientvattnet används som balanserande medium I flytbassängerna finns förstärkta och väl tilltagna plastskynken som förankras mot recipientens botten.","Ny metod där havet används som utjämningsbassäng."
10695001,"01","Hector","Alla som arbetat med en lasttraktor vet hur besvärlgit det kan vara att byta fårn skopa till gaffelram med spridning. Man får springa ut och in i hytten för att koppla om hydraulslangar och får sig samtidigt en dos olja på kläderna. Innovatören Ahrne Rönnblom har nu löst problemet. Genom en enkel installation kan föraren istället ändra gafflarnas spridning via knappar i förarhytten. Uppfinningen gör det även möjligt att flytta gafflarna parallellt, vilket bland annat underlättar lastning och lossning i trånga utrymmen. Gaffelstället Hector är uppbyggt på ett helt ny sätt. Genom en enkelt utformad manöverpanel i förarhytten, som står i förbindelse med gaffelstället kan spridningen styras elektriskt. Den knappstyrda gaffelsprindingen ger användaren livstids garanti mot hydrauloljeläckage och borta är också alla hydraultuber som skymmer sikten. med hjälp av tekniken kan gafflarna placeras precis där föraren vill ha dem. Möjligheten till parallellförflyttning är dessutom helt unik, eftersom detta inte gått att genofmöra med traditionell hydraulik. Godset kan nu hatneras på ett särkare sätt. Det slarvas nämligen ofta med gafflarnas inställning, på grund av allt ""böaknde"" med hydraulslangarna. - Speciellt bra är Hector för den som byter redskap ofta. Tekniken kan naturligtvis också anävndas på andra typer av redskap för lasttraktorer, till exempel för sophantering och vibration, säger Ahrne Rönnblom. Stålteknik i Skellfteå, tel 0910-70410",""
10698001,"13","BIS (Boliden Information System)","Apart from the BOXRAY one of the most well-known systems from Boliden is the BIS, Boliden Information System. Already in the mid 70's Boliden had developed its first centralized information system, based on colour graphics screens. From 1983 they have used 'open systems', based on the growing industry standard operating system UNIX. This has communication facilities with all kinds of other computers, from mainframes to personal computers. This system now is known as the BIS. It comprises modern process control stations, equipped with colour screens to provide the operator with easy access to informatoin. They also have a rugged design, to withstand the process environment. This allows the operators to be mobile within the plant and still have access to all informatoin. The information includes a voice system, reading digitally pre-recorded alarm texts including actual process values, to a helmet mounted radio reciever, in order to allow the operators to take appropriate action. The main functions in the BIS system are: Process graphical representation, trend informatoin, alarm ifnormatoin, machine statistics, reports and as a control station for start/stop and sadjustment of controller parameters, such as set-points etc. C--- Today, some 30 BIS system[s] are installed worldwide - from CHina to SPain and in nearly all Swedish complex sulphid-ore mines. [---] Source 2: BIS, det färgbildskärmsbaserade informations- och styrsystemet, började utvecklas 1981 och redan då valdes operatvsystemet UInix.""",""
10701001,"13","R35 Magnum","Den nuvarande trenden inom drifter- och tunelborrning är att använda kraftulla datorstyrda riggar med borrmaskiner på 18 kW eller mer. Detta har självklart lett till att borrningen har blivit mer automatiserad. Påkänningarna på borrsträngen har ökat, inte minst på grund av att operatören utför inriktning och påhugg med hjälp av sin datorskärm. Sneda påhugg mot berget är vanliga och riskerna för alltför höga påkänningar, som resulterar i böjskador och brott, är betydande. Secoroc har med R35 Magnum stänger och kronor lösningen på detta problem. Drifterstången är heluppkolad och har betydligt minskat risken för böjskador. En ytterligare fördel är att borrstänger på upp tilll 6,1, meter kan användas, vilket ökar produktiviteten i borrningen. Mer robust gänga samt större diameter på kronsidan.",""
13013001,"201","Cambio 600","Maskin för att barka timmer med högre prestanda. ""Traingelmatarverk med piggvalsar och pneumatiskt styrda barkningsverktyg med hårdmetallplattor är några av anledningar till barkningsresultatet med minimala vedskador."" (NTT, 2007, nr.14, p.13).",""
13014001,"20101","Eurosaw S6 D","Ny, ställbar dubbelaxlig klingsåg för fyrsidigt reducerade block. Den har sex ställbara klingor på teleskopiska axlar som medger ögonblickliga omställningar. Tekniken med mötande klingor på dubbla axlar garanterar hög prestanda och produktkvalitet. (NTT, 2007, nr.14, p.13)",""
13016001,"20101","Catech 6000","Kantautomat med nytt styrsystem för såväl bemanand som obemannad drift.",""
13017001,"20510","","Våtslipsystem för eggverktyg (dvs. en slipmaskin för exempelvis knivblad och dylikt). En central funktion är den jigg som sitter på maskinen som tillåter att slipningen av det använda objektet sker i samma vinkel hela tiden.",""
6039001,"20","WEN","Pneumatisk graverpenna. Drivenheten har inga andra rörliga delar än en tallrik på vilken stiftet är direkt fästat, en O-ring och en återföringsfjäder. Lämpar sig väl för gravyr på verktygsstål. ",""
6068001,"17","TEX VPS","Världens första maskin för vakuumförpackning av kläder. En täckjacka förlorar t.ex. 70 % av sin volym. ",""
6100001,"13","","Skrotdetektor baserad på induktion av virvelströmmar i skrotbitarna som därvid avger ett elektromagnetiskt fält som instrumentet känner av. Man detekterar därför på ett sekundärt fält som skrotbitarna själva avger och inte som är vanligast på störningar i det primära fältet orsakat av skrotbitar. Härigenom är detektorn ikänslig för transporterat material, såsom magentisk järnmalm m. m. och känslighetsinställningen behöver aldrig ändras, om transporterat material varierar. Den detekterar alla typer av skrot som är elektriskt ledande, t.ex. manganstål, stångskrot typ armeringsjärn, aluminiumskrot m.m. Detektorn är ett nödvändigt skydd för processmaskiner, där risk för skrot föreligger. ",""
6369001,"13","","System för automatisk styrning av förarlösa fordon. De stora vinsterna med förarlösa fordon ligger inte bara i automatiken, utan också i ökad livslängd och större driftsäkerhet på fordonen. I vissa fall kan fordonen användas i transporter där omfattande säkerhetsåtgärder krävs för att skydda föraren. Saab-Scanias system är uppbyggt kring en fast sändare som matar en styrslinga med en högfrekvent växelström. Det magnetfält som då alstras uppfångas av två antenner monterade på olika avstånd från fordonets centrumlinje. Minskar avståndet till den ena antennen medför detta en starkare signal. ",""
6700001,"13","Reomex","Sprängämnesystem i vilket känsliggöringen sker genom kemisk gasnin. Detta medför att förbättrade detonationsegenskaper erhålls och risken för avbrott och därmed följande dolor minskas. ","Minskar risken för dolor och avbrott"
6763001,"13","","Ny prospekteringsmetod baserad på tillämpning av geogas. Med hjälp a geogas ka man spåra malmkropar på 350 meters djup. Idén till den nya metoden fick man i slutet av 70-talet i samband med radonmätningar i gruvorna. Man fann att radontransporten genom fast berggrund var snababre än man tidigare trott och skedde genom ett uppåtgående flöde av gasbubblor i grundvattnet, som finns i sprickor i berget. Det var då som tanken aktualiserades, att bubblorna, som vid analys visade sig innehålla i stort sett vanlig luft, rimligen borde ta med sig någon information om bergsammansättningen. ",""
6819001,"13","","Utrustning för avvikelsemätning vid borrning. ","Ger bättre kontroll över borrmomentet."
6826001,"13","Reflex EX-AQ/EMS","Instrument för borrhållsmätning med nytt mjukvaruprogram. Instrumentet är framförallt avsett för olje- och gruvindustrin.","Fungerar vid 170 grader och under tryck"
6922001,"13","","Icke-elektriskt tändningssystem. ","Icke-elektriskt; mindre risker."
7022001,"41001","Fagrellsystemet","System för pulverupplösning i vätskor som bygger på principen att vätskan som utgör lösningsmedel sprayas med tryck underifrån mot materialet",""
7042001,"20302","","Metod för att skydda trä mot vatten genom att man plasmabehandlar ytan med hexametyldisiloxan",""
7043001,"20302","","Metod för att skydda trä mot vatten genom plasmabehandling med polyetylenglykol. Målet är en ogiftig process som ska kunna göras i anläggningar för vakuum- och tryckimpregnering. Metoden ska ge en panel som håller husets livslängd och som håller sig snygg i åtmoinstone trettio år. Dessutom ska processen vara pH-neutral för att inte skada trät, och ge ytskiktet samma elasticitetsmodul som det underliggande trät.","pH-neutral process; ger produkter som håller husets livslängd"
7067001,"17250","","Genmodifierad potatis för produktion av bindemedel och ytstarkare papper i pappersindustrin, samt för lätthanterligare glasfiberväv och stabilisering vid oljeborrning och till varpliming.","Teknik kallad antisensteknik som används för att överföra den önskade genen till potatisen. Genen sätts samman i en så kallad genkonstruktion och förs in i potatisen medhjälp av en särskild jordbakterie.Potatisen gör det billigare för pappersindustrin att utvinna stärkelsen"
7139001,"17","Apyrum","Flamskyddsmedel som är baserat på citrat och acetat (salter) och är därmed miljövänligt. Medlet kan användas i flertalet material såsom PUR, PVC (sedan 2008), latex, gummi, trä, etc. ",""
7223001,"16000","D-4","Mikrodatorbaserat system för industriell vägning och dosering. D-4 kan dosera ett praktiskt sett obegränsat antal komponenter och varje instrument kan betjäna upp till nio vågplatser. Mikrodatorbaserat system för industriell vägning och dosering. Systemet byggs upp av kombinerbara standardmoduler vilket ger skräddarsydda systemlösningar och möjligheter till successiv utbyggnad i takt med behov. ","Flexibilitet."
7461001,"20","Paraweb Black Belt","Band för surrning av sågat och hyvlat virke på järnvägsvagn. Bandet är av polyester och är belagt med polyetenplast. Minimerar nötningsskador på virket samt är beständigt oavsett om det är varmt eller kallt. Surrningstiden för en vagn minskas till hälften. ","Beständiga, minskar skador på virket, snabbsurrade."
7473001,"20","","Metod för att minska cirkelsågblads värmekänslighet, så att de kan göras tunnare och med mindre skärbredd. Anledningen till att man vill ha tunnare sågblad är att ju bredare blad dess då mer av virket går förlorat i spån. Metoden består i att såglbadet slitsas upp med laser i ett antal lameller. Laserskärningen görs med oscillerande stråle så att intilliggande lameller är låsta till varandra för rörelser vinkelrätt mot sågbladets plan. ","Ger mindre spill."
7485001,"20","","Övertäckningsanordning för järnvägsvagn. ","Utvecklad på uppdrag."
7514001,"20302","Starwood Qattrolam","Nytt basmaterial för snickeriindustrin.",""
7517001,"20302","Starwood Kolonn","Dekorativ pelare för såväl inom- som utomhusbruk.",""
7570001,"20102","","Bandsåg med helt ny typ av mycket tunt bandsågsblad vilket ger tunnare snitt och gör att det går att sträcka ett tunt band betydligt mer än ett tjockt med biehållna fördlear.","Tunnare"
7573001,"20","","Fixtur för slipning av speciella huggstål som Veisto använder i sina reducerare. Med fixturen kan de slipa tio stål samtidigt i en vanlig planslip.[par][par], något som anses ge bästa resultatet, men i vanliga fall är omständigt eftersom man då bara slipar ett stål åt gången.","snabbare"
7653001,"132","","Förarlös gruvtruck med ett helt nytt styrsystem. Hjärtat i styrsystemet är en sändare som matar en styrslinga med högfrekvent växelström. Det magnetfält som alstras avkännes av två antenner på trucken. Om avståndet till den ena antennen minskar, registrerar fordonets reglerutrustning en skillnad i signalstyrka mellan antennerna och styr mot den starkare signalen.","Säkerhet; automatisering (och därigenom minskade driftkostnader)"
7672001,"13","","Oscilloskop som mäter rasrisk vid tunnel- och gruvarbeten och som fungerar som skrotningsindikator. Genom att förse motoraxeln med en eller flera excentriska vikter kan man få mekaniska vibrationer, som med hjälp av en stång injiceras i det bergparti som undersöks. ","Mindre arbetskrävande; tillförlitlighet"
7726001,"13","","Luftfiltreringsanordning för hyttförsedda arbetsfordon i dammiga miljöer som avskiljer mycket små partiklar. ","Avskiljer mindre partiklar"
7770001,"132","TS 100","Tändapparat för sprängningsarbeten avsedd att öka säkerheten och minska antalet bomsalvor. Vid systemet sköts uppladdning av tändapparat och skjutning via telenätet.","I takt med gruvindustrins introduktion av centrala skjutsystem och eltändkapslar har antalet bomsalvor ökat kraftigt.Minskat antal bomsalvorUtvecklat på uppdrag av Boliden"
7856001,"132","","Aggregat som mekaniserar skivrasladdning i gruvor, den process där sprängämnet ska föras upp i borrhål i gruvortens tak. Vid manuell laddning är risken för ras från tidigare sprängningar stor och arbetet är tungt och obekvämt. Aggregatet består i princip av en behållare med sprängämnet i pulverform, en rulle med laddslang och en arm som kan manövreras till borrhålet från en skyddad plats.","Mekanisering"
8039001,"132","","Bergbult i glasfiberarmerad polyester. Bulten är billigare än stålbultar, sett till den totala bultningskostnaden. ",""
8078001,"132","Swellex","Bergbult av stålrör som hindrar gruvtak att rasa. Den är avsedd för bergförstärkning i tunnlar och bergrum. Den finns för borrhålsdimensioner om 33 - 39 mm i berg och fylle runder expansionen ut hela borrhålet, inklusive eventuella ojämnheter i hålet. bulten är avsedd för temporära förstärkningsuppgifter inom gruvindustrin och vid tunnelarbeten. En stor fördel hos metoden är att den omedelbart ger full verkan, dvs full hållfasthet hos det aktuella bergavsnittet. Bultsättningen kan utföras av en man, vilket innebär en snabb och ekonomisk förstärkningsmetod. Ett hopvikt stålrör stoppas in i ett borrhål och fylls med vatten. Vattntrycket får röret att utvidga sig och fastna i borrhålet. Det fungerar därefter som en bergbult och håller ihop sprickorna i berget. ","Lastupptagningsförmåga"
8193001,"20","","Plaststift för fästning av etiketter på virke. ","Metallskrot fastnar och förstör virkessågar. "
8196001,"13","","Metod för att leta efter malmfyndigheter. Metoden går ut på att identifiera s k omvandlingszoner där mineraler och spårelement omvandlats p g a närheten till malm.","Effektivt. "
8343001,"13","","Automatisk borrigg för tunnlar. Borriggen både styr och övervakar sig själv med hjälp av fyra mikrodatorer.  ","Datoriserad. Fjärrmanövrerad. "
8438001,"13","Geoprinter","Printer equipment to be connected to drilling equipment to analyze the ground structure before a big building project",""
8484001,"131","","Bergborrmaskin baserad på Coprod-metoden som ger rakare hål på kortare tid. Rotation och slagenergi överförs var för sig. Topphammaren slår på ett styvt stångpaket som är inneslutet i ett rör som vrider runt borrkronan.","Coprod-metodenRakare hål; högre borrhastigheter"
8799001,"13","","Luftfilter som tillverkas så att en viss mängd rapsolja som adderats till plastskum värmebehandlas med mikrovågor. Rapsoljan bildar en klibbig hinna på cellerna i skumplasten och fungar upp små partiklar.","Tål skakningar, köldtålighet; fuktavvisande; hög reningsgrad"
9254001,"17","CTT-100 kN","Apparat som mäter töjning draghållfasthet, brottarbete, kompression m.m. Apparaten består av ett belastningsdon med elektronisk drift och styrning samt en mät- och presentationsdel. Apparaten tillkom på grund av en förfrågan från en tillverkare som inte kunde finna ne lämplig apparat på markanden. ","Apparaten tillkom på grund av en förfrågan från en tillverkare, som inte kunda finna en lämplig apparat på marknaden."
9387001,"17403","","Bundband med öppet låshus för snabbare och enklare montering i bilindustrin.","Enklare; möjliggör högre monteringshastighet"
9416001,"201","GARTAX","Ny typ av bandmatare i emballeringslinjer, som kan användas för bandomföring kring det kolli som ska bandas, men också byggas in i pressar för presspaketering. Bandmataren kan omställas för olika banddimensoiner och är vidare försedd med automatisk start och stopp samt bandutkastning efter fullbordad bandomföring. ","Kompakt; (vilket gör att bandmataren) kan byggas i olika typer av kompromatorer och rpessar"
9430001,"20301","","Lätt byggsystem som bygger på komponenterna 'Masonite Balk', 'Masonite Wall Frame', och 'Masonite Wooden Facade' för bl.a. prefabrikerade trähus ","Masonite Board"
9444001,"20301","Swanboard 3-D","Nytt skivmaterial som genom prägling i en efterpressanläggning för en god struktur och ådring som liknar äkta träpaneler","ny tillverkningsmetod"
9476001,"20302","","Slipmaskin för ojämna och målade ytor.","Sparar tid och pengar. Klarar ojämna ytor."
9554001,"182","","Anläggning för konditionering och vakuumförpackning av tyg enligt den patenterade svenska metoden TEX-VPS. I förpackningsmaskinen sugs lften ur förpackningen och påsen förslutes.  Därefter sker märkning med tillverkningskod och antal meter. Slutligen sträckfilmas och bandas pallen som i leveransklart skick väger ca 250 kg.","Patenterad svensk metod kallad TEX-VPS. Vanliga problem vid långtidsförpackning är försämring av tyg och risk för kassation.Ökad livslängd för förpackade tyger, minskad kassationsrisk,  minskad konfekteringstid, kapacitet"
9556001,"177","","Avsyningsmaskin som tillåter att den flata trikåslangens båda sidor kan avsynas vid endast en passagen genom maskinen.","Steglös reglerbarhet"
9557001,"177","","Uppskärningsmaskin avsedd för uppskärning av rundstickad trikåväv.","Steglös reglerbarhet; precision"
9558001,"177","","Krympmaskin för rundstickad trikå som reducerar krympeffekten vid tvätt av de färdiga plaggen och eliminerar också centrifugerings- och våttafflingsprocesserna av varan vid beredningen.","Reducerad krympeffekt vid tvätt av plagg"
9569001,"182","Texvac-metoden","Metod för vacuumförpackning av skrymmande textilier som minskar volymen ger bättre produktskydd och minskar risken för rynkor och veck på plaggen. Förpackningsmaerialet är en plasfilm med låg ångpermeabilitet. Inpackningsmaskinen kränger filmen över plagge under en uppåtgående rörelse of för det in i vacuumkammaren där förpackningen förvandlas till en platt styv och lätthanterlig enhet.","Reducera volymen; undvika veck i textilierna"
9571001,"18","","Datastyrd maskin som quiltar med hjälp av ultraljud.","Produktionshastighet; hög slitstyrka i produkten"
9572001,"182","","Numeriskt styrd laserskärmaskin som anpassas till ett koordinatbord för tillskärning av modellpapp.","Snabbhet"
9573001,"175","","Tillsatsaggregat för rotorspinnmaskiner.","Vävbredd; hög effektivitet."
9581001,"182","","Pressmaskin som innebär att överblocket förskjuts bakåt så att underblocket friläggs helt samtidigt som värmekällan avlägsnas från pressaren.",""
9586001,"177","Laser-Kryss","Laserskärmaskin för exakt mönsteranpasad tillskärning avsett för rutiga och randiga trikåtyger. Laserstrålen markerar ett skarpt och tydligt ljuskryss i rät vinkel. Med hjälp av ljusmarkeringen läggs tyget exakt trådrätt.","Ger exakt mönsteranpassad tlilskärning"
9593001,"18210","","Mikroporöst material, en polyuretanbelagd väv, som är både vattentät och vattenånggenomsläpplig och kan användas till golf, vandrar- och cykelställ.","vattentäthet; tvättbart; minskad nödvändig tryckskillnad för vattenånga mellan in- och utsida"
9602001,"20","","Teknik för att pulverlacka värmekänsliga trä- och plastbaserade material. ",""
10148001,"20101","","Station för inmätning av timmer. Mätningen av timmer kan nu utföras i uppvärmd lokal med rätt belysning. Stor vikt har lagts vid den ergonomiska utformningen av arbetsplatsen. Stationen kännetecknas av en ombonad arbetsmiljö. Bländfri belysning, låg bullernivå och rätt arbetshöjd på mätbordet. ","Arbetsförhållanden förbättrade. "
10385001,"17","Deisgner 1","PC-styrd symaskin.","Styrs med hjälp av dator, ökar möjligt arbetstempo."
10544001,"20","Retherm-A","Värmeväxlare i plast som möjliggör värmeåtervinning även i mycket korrosiva miljöer. Värmeväxlaren består av ett antal oflänsade rörslingor infästade till två större fördelningsrör - ett i vardera änden av rörslingorna. ","Möjliggör värmeväxling i mycket korrosiva miljöer; korrosionsbeständighet"
6000001,"20400","Ensocoat/Ansogloss/Tambrite","Ny typ av kartongpapper i tre varianter avsedd för förpackingsindustrin. Kartongpapperet skapar nya möjligheter för digitaltryck för kartong genom att den är specialanpassad för digitaltryck i Xerox Igen3.",""
6562001,"20","Diodair","Gasmätare för mätning av gaser med hjälp av laserdioder. Den främsta fördelen med att mäta gaser med laserdioder är den korta reaktionstiden. De metoder som hittills har använts inom processindustrin ger mycket långsammare svar. Laserdiodtekniken kan användas för att styra processen direkt vilket ofta var svårt eller omöjligt tidigare, med de metoder som kan användas i industrimiljö. ","Ny kombination av tekniker. "
6856001,"20","","Värmningssystem för industrin. Den svenska uppfinningen baserar sig på värmning med infraröd strålning från glödlampor. Systemet kan ge materialtemperaturer från ca 25 C till 700 C och under vissa betingelser upp till 1300 C. Värmen kan regleras steglöst, och då värmen kommer från glödlampor får man önskad effekt omedelbart då lamporna tänds. Systemet grundar sig på en värmeavgivande modulenhet -så utformad och kombinerbar att man med denna kan bygga högeffektiva ugnar av vilket utseende och vilken storlek som helst. Med denna infravärmare kan man smälta, svetsa, härda, forma, krympa och torka plast. När det gäller järn och metaller kan man värmebehandla, varmhålla, härda, glödga, löda och deluppvärma. ","Ger snabbt önskad effekt, steglös inställning."
8484001,"132","","Bergborrmaskin baserad på Coprod-metoden som ger rakare hål på kortare tid. Rotation och slagenergi överförs var för sig. Topphammaren slår på ett styvt stångpaket som är inneslutet i ett rör som vrider runt borrkronan.","Coprod-metodenRakare hål; högre borrhastigheter"
8758001,"20302","","Metod för tryckimpregnering med linolja. Miljövänligt impregneringsmedel för trä. Medlet är en modifierad oljeprodukt. Medlet får så låg viskositet så att det kan tränga in i kärnan av träet. ","Ger färg som sitter kvar längre; blir svårare att mögla"
9413001,"20302","Karlstadplattan","Spånskiva som tillverkas av ramsågspån från furu och gran med en patentsökt produktionsmetod. ","ny patenterad produktionsmetodtvärdragshållfasthet, skruvhållkraft, uthållfasthet"
9444001,"20","Swanboard 3-D","Nytt skivmaterial som genom prägling i en efterpressanläggning för en god struktur och ådring som liknar äkta träpaneler","ny tillverkningsmetod"
9573001,"183","","Tillsatsaggregat för rotorspinnmaskiner.","Vävbredd; hög effektivitet."
9608001,"20400","Toolvac Technology","Teknik för kylning/temperering av formverktyg.","Lägre processkostnad"
9832001,"20","","Ramstyrd hjullastare byggd för hög kapacitet i sten- grus- och timmerhantering som också är den största Volvo tillverkat. Bl.a. med en monetomvandlare som bidrar till att göra lastaren accelerationssnabb.","högre kapacitet"
10385001,"18","Deisgner 1","PC-styrd symaskin.","Styrs med hjälp av dator, ökar möjligt arbetstempo."
10564001,"20101","Biomatic Komplett","Varmluftsanläggning för eldning med flis, sågspån och torv, i första hand avsedd för spannmålstorkar, växthus, sågverk och industrier. Systeet är uppbyggt av två enheter, en varmluftspanna med automatiskt styrd förbränning samt en fastbränslebehållare (kallad Biomatic Komplett). Fastbränslebehållaren består i sin tur av bränslebehållare och en helautomatisk utmatningsanordning vilket minskar risken för att bränslet fastnar.","Automatisering (av förbränningen)"
7318001,"20400","VC 200","Tryckluftsdriven vakuumtransportör",""
9278001,"02011","","En skyddshjälm med visir, avsedd för i första hand svetsare.","Förbättrad arbetsmiljö"
9396001,"17","Appeartex","Ytkemisk antiseptisk substans som dödar bakterier (exempelvis MRSA-bakterier och E coli), som bygger på att ett skikt binds till en yta som de negativt laddade bakterierna dras mot vilket bryter ned bakteriernas membran.","forskning vid Chalmer"
9573001,"176","","Tillsatsaggregat för rotorspinnmaskiner.","Vävbredd; hög effektivitet."
10360001,"13","Rocket Boomer L2 C/MC 2","Borrigg. Borriggarna är uppbyggda av fem basmoduler -bakrigg, motor, kraftaggregat, bomkonsol och bommar. Konstruktionen ger stora fördelar, t ex god åtkomlighet vid service och underhåll. Det är dessutom enkelt att montera riggarna för transporter i de underjordiska schakten. Riggarna representerar den senaste tekniken med intelligenta styrsystem för bergborrning. Det ger en effektiv borrning med god ekonomi. ","Effektiv, produktiv. Enkel att hantera."
6841001,"13","DDA","Mjukvarupaket för optimering av ""drive performance"" i industriprocesser.",""
8404001,"13","Stridsfordon 90","Arméns nya lätta stridsfordon. Utrustad med Bofors snabbskjutande 40 millimeters kanon. Chassit är uppbyggt av standardkomponenter för att hålla kostnaderna nere. Chassit är byggt av Hägglunds","Litenhet relativt slagvolymen; bättre effekt-vikt-förhållande"
