sinno_id,Innovation name in Swedish,Description in Swedish,Additional Info
6341001,SawInfo,System för lagerhantering av virkespaket. Med hjälp av systemet kan sågverk hålla ordning på sina strölagda virkespaket vilket är ett problem för alla sågverk. ,
6740001,Frosty,"Universalterrängfordon på band. Maskinen har två breda larvband med individuell hydrostatisk drift, som gör hastighetsregleringen helt steglös framåt och bakåt. ",
6814001,Megascale,Lasermätningssystem för bearbetning av bl.a. propelleraxlar. Mätenheten förflyttas längs stålprofiler som monteras i tak eller väggar. ,
6942001,"Bolidensalt, Boliden K33",Vattenlösligt impregneringsmedel för trä.,Träet blir mer beständigt.
6000001,Ensocoat/Ansogloss/Tambrite,Ny typ av kartongpapper i tre varianter avsedd för förpackingsindustrin. Kartongpapperet skapar nya möjligheter för digitaltryck för kartong genom att den är specialanpassad för digitaltryck i Xerox Igen3.,
6039001,WEN,"Pneumatisk graverpenna. Drivenheten har inga andra rörliga delar än en tallrik på vilken stiftet är direkt fästat, en O-ring och en återföringsfjäder. Lämpar sig väl för gravyr på verktygsstål. ",
6562001,Diodair,"Gasmätare för mätning av gaser med hjälp av laserdioder. Den främsta fördelen med att mäta gaser med laserdioder är den korta reaktionstiden. De metoder som hittills har använts inom processindustrin ger mycket långsammare svar. Laserdiodtekniken kan användas för att styra processen direkt vilket ofta var svårt eller omöjligt tidigare, med de metoder som kan användas i industrimiljö. ",Ny kombination av tekniker. 
6856001,,"Värmningssystem för industrin. Den svenska uppfinningen baserar sig på värmning med infraröd strålning från glödlampor. Systemet kan ge materialtemperaturer från ca 25 C till 700 C och under vissa betingelser upp till 1300 C. Värmen kan regleras steglöst, och då värmen kommer från glödlampor får man önskad effekt omedelbart då lamporna tänds. Systemet grundar sig på en värmeavgivande modulenhet -så utformad och kombinerbar att man med denna kan bygga högeffektiva ugnar av vilket utseende och vilken storlek som helst. Med denna infravärmare kan man smälta, svetsa, härda, forma, krympa och torka plast. När det gäller järn och metaller kan man värmebehandla, varmhålla, härda, glödga, löda och deluppvärma. ","Ger snabbt önskad effekt, steglös inställning."
7034001,,"Reagens som genom att fettsyra hydrofobiserar mineralet gör att det lätt kan flotteras, vilket förbättrar utvinningen av mineral som apatit och flusspat ",Ökad effektivitet vid utvinning
7040001,Totalväxtanalys,"Analys för att bestämma vilka näringsämnen växterna behöver och därigenom styra göslingen för att förhindra kväveläckage. Inne i apparatens kopparör placeras ett reaktionsrör. I rörets ena äne placeras det prov som ska renas, aktivt kol och glasull. Den andra änden kopplas via en kylfälla, till en vakuumpump.",
7042001,,Metod för att skydda trä mot vatten genom att man plasmabehandlar ytan med hexametyldisiloxan,
7067001,,"Genmodifierad potatis för produktion av bindemedel och ytstarkare papper i pappersindustrin, samt för lätthanterligare glasfiberväv och stabilisering vid oljeborrning och till varpliming.",Teknik kallad antisensteknik som används för att överföra den önskade genen till potatisen. Genen sätts samman i en så kallad genkonstruktion och förs in i potatisen medhjälp av en särskild jordbakterie.Potatisen gör det billigare för pappersindustrin att utvinna stärkelsen
7139001,Apyrum,"Flamskyddsmedel som är baserat på citrat och acetat (salter) och är därmed miljövänligt. Medlet kan användas i flertalet material såsom PUR, PVC (sedan 2008), latex, gummi, trä, etc. ",
7176001,FS Packer 101,Förpackningsmaskin för förpackning av potatis som löser problemet med potatisen kommande damm viid försegling av polyetenpåsar.,Kapacitet; 
7217001,,"Hönsgödsel i form av briketter. Gödseln tas om hand i ett slutet system med en torkad och kornad slutprodukt, automatiskt paketerad. Det varma kondensvattnet som uppstår vid torkningsprocessen används för att värma upp hönshusen. ",
7318001,VC 200,Tryckluftsdriven vakuumtransportör,
7361001,ABC-björnaren,"Hydraulisk godsspännare att användas i första hand på lastbilar för att hålla timmer- och virkeslass. Ur trafiksäkerhetssynpunkt är den nya godsspännaren en betydelsefeul detalj. Det har hänt en hel del olyckor genom att bindkättingen lossnat eller släppt greppet allt eftersom timmerlasset ""skakats ihop"". Anordningen består av en ackumulator som kontinuerligt matar ett antal hydraulcylindrar, en för varje bindställe. Som energikälla används den på fordonet befintliga hydraulanläggningen för kranaggregatet. Skulle fordonet sakna en sådan monteras en liten pumpenhet komplett med tank på växellådans kraftuttag. ",Spänner kontinuerligt allt eftersom lasten skakas ihop.
7366001,Origa-cylindern,Tryckcylinder med längsgående slits. Tekniken öppnar vägen för enklare konstruktioner och verkligt långa slaglängder. ,Kan ta upp stora tvärkrafter
7368001,Tvigg,Enmansbetjänad kvistare som tar sig fram i skogen och på vägen utan att göra allt för mycket skada. Maskinen är lätt och behöver inte så mycket svängrum. ,Skadar inte skogen genom att den är så lätt och smal.
7369001,,"System för intern transport och hantering av olika produkter. Det nya med innovationen är, förutom att transporterna kan gå horisontellt, vertikalt eller i olika lutande banor, antingen att de är raka, krökta eler vridna, att det inte är transportörern som flyttar sig utan det gods den skall transportera. Förflyttningen sker med en stationär rotation i ett antal axlar med tvärmonterade tänder. Den speciella vinkeln, 90 grader, bibehålles hela tiden och gör att tänderna vid axelroationen bildar ett slags hålrum, i vilket edet transporterade godset befinner sig. ",
7371001,Typ 205 A/B,"Surrningssystem vilket är avsett att ersätta gamla surrningsmetoder som rep och kätting. Fördelarna med detta system är att det går betydligt snabbare att surra, terylenebandet skadar inte godset, det behöver inte efterspännas. ","Skadar inte godset, behöver inte efterspännas."
7374001,850,Skotare. ,
7375001,Tretorn Lumber,Specialstövel för skogsarbete.,ArbetsskadorStålhätta
7376001,SCA-metod,Våg för lastbilar. ,
7377001,Minivib,Hårdmetallbestyckad cirkelsågklinga. Genom den nya konstruktionsprincipen har man lyckats sänka klingans bullernivå till värden som ligger väsentligt under vanliga klingors. Konstruktionen ger den en vibrationsfriare och tystare gång. ,Går tystare och med mindre vibrationer.
7378001,KG-spännaren,Spännbandsanordning för fästning av gods på vagn. ,Skonar lasten
7380001,ABC-huggaren,Skogsmaskin.,
7381001,,Bränslehugg för traktormontage. Maskinen kommer att bli midjestyrd och försedd med åttahjulsdrift med separata hydraulmotorer för varje hjul. Därefterföljer huggenheten som är en stor trumhugg och direkt efter på samma chassie finns en 30 kubikmeters flisbehållare. ,
7392001,THV-timmervågen,Timmervåg. ,
7398001,,Markberedningsaggregat. I utvecklingsarbetet har man försökt få fram ett aggregat som kan ge största möjliga säkerhet att erhålla en markberedningsruta av godtagbar storlek trots att det kan finnas hinder i vägen. Samtidigt med avlägsnandet av vegetationen samlar aggregatet ihop mineraljord i rutan så att en gynnsam växtmiljö för plantan kan erhållas. ,Röjer undan hinder effektivt.
7399001,,Planteringsmaskin som skall kunna både markbereda och sätta en planta i markberedningsfläcken.,Flerfunktionalitet. Sparar arbetskraft. 
7400001,,Ny typ av skyddsanordning för motorsågar. Innovationen innebär att kraften i kaströrelsen avsevärt minskas och huggaren därigenom får betydligt lättare att behålla kontroller över sågen vid eventuella kast. Detta är första gången ett utvecklingsarbete mellan svenska motorsågstillverkare etableras. ,Risk för arbetsskadorBättre skydd
7401001,,"Kantskydd för virkespaket. Skyddet består av två träfiberskivor som sammanbundits genom att armerad polyetenbelagt kraftpapper limmats fast på den ena sidan. Kantskydden förhindrar att stårbland, tråd eller plastband tränger in i emballage och varor. Materialet gger ett fullgott skydd för väta och fukt och rostar ej vilket är viktigt vid skydd av hyvlat virke. ",
7402001,,Liftanordning för stora byggelement; här tak. ,
7406001,Brädaren,"Klyvnadsåg för torrt virke. Sågen har hydraulisk bladspänning, ny bladstyrning, snedställbart fritt upphängt land och enklare måttinställning än råbandsågarna. ",Noggrannare
7409001,,"Stubbuuptagare. Stubben delas först varefter delarna tas upp. Metoden ger bl a följande fördelar; kraftåtgången blir bara en bråkdel av vad som krävs vid upptagning av hela stubbar. Fastvuxna stenar lossnar. Föroreningar ksrapas los från stubben. Humustäcket följer inte med stubben upp. Klena rottrådar slits av. Stubben klyves längs fibrerna, rena snitt ger små förluster. ",Gör mindre åverkan på skogen.
7410001,,Fälldon; också kallat pendelsåg. Sågen är utformad med en sågdel som har formen av en sfärisk kalott. Denna är upphängd i pendelarmar lagrade på en radie som är lika med kalottens radie. Vid sågning pendlas sågen in mot trädet. För att få sågen så liten som möjligt har den byggts upp med en fast centrumdel med formen av en sfärisk kalott. På kalottens periferi har en sågring lagrats. Sågringen har sågtänder på ytterkanten och kuggar för dess drivning på innerkanten. ,
7411001,,"Gallringsskördare. Arbetscykeln börjar med att kranen styrs mot ett gallringsträd, varefter fällhuvudet klipper av trädet och tar in det stående samt lägger det framför sig. Därefter bearbetas trädet samtidigt som nästa träd hämtas in. ",Flerfunktionalitet
7415001,MB25,"Markberedningsaggregat som monteras bak på en större skonare. Armarna är ledade endast i höjdled. I sidled förflyttas vardera armen längs en bom, då rivhjulstallriken utsätts för sidokrafter. Aggregatet är tänkt att vara en grundenhet för vidare påbyggning av utrustning som för ihop mineraljordtill en hög på skogsodlingsstället samt av aggregat för sådd och/eller plantsättning.",Automatiserar arbete.
7419001,Donaren,Markberedningsaggregat som monteras bak på en större skonare. Armarna är ledade i sid- och höjdled i infästningspunkten på dragaren. ,Automatiserar arbete.
7420001,Bräcke högläggare,"Högläggaren ansluts till Bräckeaggregatet (en fläckmarkberedare där två rivhjul flår av hummustäcket). Bakom varje rivhjul på Bräckeaggregatet har man kopplat till en skopa, som i den uppkomna markberedningsfläcken för ihop mineraljord till en hög. Högläggaren arbetar synkront med rivhjulet på så sätt att skopan går ned i fläckens bakre del, tar upp mineraljord och för ihop den till en hög i fläckens framkant. ",Automatiserar arbete.
7421001,ÖSA 655,"Markberedningsaggregat som ska anslutas till ÖSA:s skotare 260. Denna skotare är utrustad med en hydrostatisk växellåda. Genom att skotaren automatiskt avpassar kraftuttaget vid varierande belastning, ökas möjligheterna att hålla en jämn hastighet vid gång i terräng. Aggregatet består av två hydrauliskt arbetande pendelarmar, som är fästade i dragarens bakända. Varje pendelarm är försett med tre stycken ledade markberedningsbillar, som var och en separat ger efter för överbelastningar utan att de två övriga påverkas. 655 är ett fläckmarkberedningsaggregat. Föraren kan från förarhytten reglera fläcklängd, avstånd mellan fläckarna samt belastning på markberedningsorganen. ",Automatiserar arbete.
7426001,,Bärgningsdrag av härdad polyester klätt med polyesterväv och med läderklädda dragöglor och en skjutbar läderskoning på mitten. Den senare för att kunna koppla V-drag med fördubblad dragkraft. ,"Drar bättre, skyddar bättre.Utvecklad på uppdrag."
7428001,,"Mikrodatorstyrt apteringssystem för användning i de egna processorerna och skördarna. Genom mikrodatorn kommer 19 olika funktioner att styras, bl a matning av trädet fram och back, automatisk backning vid fastkörning, kapning och toppklippning., sortering av masasved repspektive timmer samt räkning av antalet timmer- och massavedsbitar samt antal bearbetade träd. Föraren får också via mikrodatorn information om var kapsvärdet och toppklippen befinner sig, sorteringsbordets läge samt om sotkcens minidiameter underskrids. ",Utvecklat för att sitta i de egna maskinerna.
7429001,,Barkningsmaskin. Maskinen består av två tråg som rymmer vardera 17 kubikmeter. När ett av trågen fylls börjar fyra skruvar att rotera. De är gängade åt var sitt håll och i och med att de snurrar går hela massan runt. ,Sparar arbetskraft och tid.
7437001,,Hjälpmedel för påläggning av kätting på timmerbuntar. Tidigare kastade man kättingarna runt lassen och det är den metod som i de flesta fall tillämpas på de ställen där man buntar timmer som man tar från en landsortering. Att kasta kätting är ett tungt arbete. Med den nya metoden fästes kättingarna med ett enkelt handgrepp i griporgan som sitter på fällbara bommar. När dessa sedan körts till sitt övre läge är det klart för timmertrucken att köra in mot de hängande kättingarna som faller ned runt bunten när griporganen utlöses med en knapptryckning. Sedan återstår endast att koppla kättinglåsen. ,Arbetsskador vid manuell hantering av kättingar.
7440001,,"Trämelass. Trämelassen består av de mest lättlösliga substanserna i vedråvaran för skivframställning, vilka går i lösning i tillverkningsprocessen och inblandas i processvattnet. Sedan mitten av 1960-talet återvinnes substanserna, koncentreras och torkas samt ges en viss efterbehandling som gör dem lämpliga som bl a kreatursfoder. Produkten är alltså dels rent kreatursfoder och dels en ingående ingredients i kreatursfoder.",
7441001,,Maskinsystem för småskalig avverkning av energiskog (ESO).,Utvecklat på uppdrag
7446001,,Maskinsystem för storskalig avverkning av energiskog (ESO) i företrädesvis våtmark. I systemet ingår både skördare och buntare. ,Utvecklat på uppdrag
7447001,Skogsjan,Gripprocessor. ,
7448001,Aktiv Skotten 758,Skogsmaskin med ovan nämnda gripprocessor. ,
7452001,,Markberedare med grävarm som effektivt gör rent beredningsytan från hinder. Innovationen är egentligen monteringen av en grävarm på en redan existerande beredare. En liten skopa sitter på en utskjutbar arm. Den har en räckvidd på åtta meter i en halvcirkel. Markberedaren gör sig bäst i de ritkigt oländiga terrängerna. ,Röjer oländig terräng.
7453001,Skogis,"Gallringsskotare. Skotaren väger endast 500 kg, är banddriven och hydrauliskt midjestyrd, vilket gör den smidig och framkomlig även i tät skog. Skotaren påminner väldigt mycket om en skoter till utformningen. ",Lätt.
7456001,Autopos,"Datorstyrd kantautomat där brädämnena mäts uppifrån med modulerat infrarött ljus, på en längsgående transportör. På grundval av mätdata och data i kundtabellerna väljs bästa breddinställning i efterföljande kantverk. Kantautomaten kompletterar det tidigare kantautomatprogrammet ""Edgar"" och ""opti Edgar"". ",Effektivitet (i tidig gallring); lönsamhet för användaren; enkelhet
7461001,Paraweb Black Belt,Band för surrning av sågat och hyvlat virke på järnvägsvagn. Bandet är av polyester och är belagt med polyetenplast. Minimerar nötningsskador på virket samt är beständigt oavsett om det är varmt eller kallt. Surrningstiden för en vagn minskas till hälften. ,"Beständiga, minskar skador på virket, snabbsurrade."
7466001,DOS-300,"Kapsåg som med sin kombination av snabbhet och precision minskar virkesåtgången i företagets träindustri  med ca 7 procent. Kapen är styrd av fem datorer. Maskinen räknar snabbt och med stor precision ut exakt hur bra eller dålig en sändning med virke är. Den mäter, sorterar, kapar och transporterar virket. ","Utvecklat för egna behov, sedemera såld."
7470001,Skogstruck JH 125,"Skogstruck. Prisbilligt alternativ för att transportera virke i gallringsbestånd, samt älgar under älgjakten och övriga sysslori skogsbruket där det kan vara behov av mindre och billigare alternativ istället för att låsa kapital i dyra maskiner. ",
7472001,,Plaststift för virkesmärkning.Plaststiften skjuts ut med en för ändamålet specialtillverkad häftpistol. Vid användning av plaststift slipper man det inproduktiva kontroll- och rensningsarbetet samt ökar effektiviteten inom träförädlingsindustrin. ,Ställer inte till det i sågverket som metall.
7473001,,"Metod för att minska cirkelsågblads värmekänslighet, så att de kan göras tunnare och med mindre skärbredd. Anledningen till att man vill ha tunnare sågblad är att ju bredare blad dess då mer av virket går förlorat i spån. Metoden består i att såglbadet slitsas upp med laser i ett antal lameller. Laserskärningen görs med oscillerande stråle så att intilliggande lameller är låsta till varandra för rörelser vinkelrätt mot sågbladets plan. ",Ger mindre spill.
7476001,FS15,"Maskin som gör det ekonomiskt att bl a tillvarata skogsbränsle vid slutavverkning. Den maskin som konstruerats på SIKOB innebär att skogsavverningen görs enligt helträdsmetoden istället för som nu oftast med sortimentsmetoden. Maskintypen kallas fällare/skotare. Den transporterar hela träd, kapade vid roten, ut ur skogen. Det enda som blir kvar i skogen är stubben. Fällare/skotaren arbetar enligt följande: Med ett fällhuvud grips, kapas och lastas träden. När lasset är fullt, kör den ut lasset ur skogen och tippar av det på avlägg vid bilvägen. Träden bärs av maskinen i motsats till lunnare, som släpar träder efter sig mot marken. Det finns en rad fördelar med att bära träden. ",Gör det lönsamt att ta tillvara skogsbränsle och gör avverkningen billigare.
7477001,SKOGIS (mjukvara),"System för datainsamling, bearbetning och uppföljning av hantering av skogsråvaran. ",
7479001,Tugger,Terränggående motorcykel som kan transporteras på sin egen släpvagn.,
7480001,Växlarvagnen,"Transportsystem som medger växling av lastbärare. På ett och samma hjulställ kan anbringas spannmålsflak, gödseltunna, gödselspridare, skogsekipage, spånbinge etc. Själva flakväxlingen är enkel och går snabbt. Till växlarvagnen kan användas en vanlig standardtraktor med dubbelverkande hydrauluttag med vars hjälp man växlar lastbärare och tippar. Grundidén är således att skaffa lastbärare som sedan kan växlas allteftersom man behöver för olika körningar. ",Gör det enkelt att växla lastbärare; kostnadsbesparande; snabb flakväxling
7484001,Lineroller,"Anordning för rambarkning av träd. Metoden går ut på att två plasttrattar sätts på motorsågen. De två trattarna styr sedan när kedjan slitsar upp barken. OM man inte randbarkar ett träd går man miste om dyrbar energi, eftersom torkningen då börjar ute och går inåt till kärnan. Med Lineroller eliminerar man också risken för farliga kast. ",Rationaliserar rambarkning av träd.
7487001,Woodpicker,"Spik av limmad björkfaner. Spikarna är tolv millimeter långa och har en diameter på 2,7 mm. Finessen med träspiken är att den aldrig behövs tas bort från virket. ",Förorenar inte virket.
7491001,Bräcke Såddapparat,"Apparaten bygger på teknik som löser två standardproblem; klimat och skadedjur. Genom intermittent eller punktvis markberedning som bygger på omvänd torva -i princip fläckvisa jordhögar sker sådden med den nya maskinen på ett som gör att några frön alltid överlever. Det sker oberoende av placering på torvan, i torvans ""gångjärn"" eller i gropen som skapats vid beredningen. Detta blir möjligt genom att nedsläppen av frön görs med precision och tillförlitlighet. Principen är radsådd med ett till fem nedsläpp av ett eller två frön inom en halvmeter i planteringsstället. Med denna metod slipper man promen med klumpvisa frönedsläpp som annars är vanliga vid mekanisk sådd. Möjligheterna för senare manuell eller maskinell röjning förbättras dessutom avsevärt, i och med att probme  ted t ex snöskytte elimineras. Den nya såddmaskinen sår treradigt med en eller två meters mellanrum och är avsedd för dragfordon typ skotare, lunnare, eller bandtraktor. Apparaten har mekanisk/pneumatisk styrning. Luften används för att blåsa ut fröna samt fröutsläppen. Fröhanteringen sker skonsamt med hjälp av borstar, vilket förhindrar skador på fröna. Den tekniska konstruktionen beskrivs som enkel, robust och mycket tillförlitlig. Den vertikala placeringen av fröutsläppen ökar apparatens tillförlitlighet vid regn. Det finns också ekologiska fördelar med metoden. ",Lindrar problemen med dåligt väder och skadedjur. 
7494001,Safe-T-Cut,"Sprängklämma för säker kapning av kullblåsta träd. Tekniken går ut på att klämman, med en invändigt fäst sprängladdning, förs upp i trädet med hjälp av en teleskopisk glasfibertång och sedan kläms fast kring trädet där man vill kapa det. Det går även bra att aptera klämman med en kvistningsstång, som del flesta kraftdistributörer har tillgång till. Redan innan klämman förs upp i trädet har en adapter och en förlängningsstubin fästs vid den, så att det sedan är enkelt att på behörigt avstånd detonera sprängladdningen med en tändapparat. Laddningen består av pentyl och är exempelvis 15 gånger starkare än den dynamit som används inom det militära. En fördel med att all kraft går in i stammen är att man kan spränga mycket nära ledningsstolpar utan att skada dem. ",Farligt arbete vid röjning efter storm.
7497001,Scorpion,"Fordon konstruerat för skogsbruk och skotning av virke. Scorpion har 8 hjul och driver på de fyra främre och har hjälpdrift på det bakre hjulparet, som ska användas när ekipaget eventuellt kört fast. Maxhastigheten är 18 km/h vid användandet av bakre hjulparet 5 km/h. Scorpion har en hydraulisk griplastare för lastning och lossning. Styrs gör den med en hydraulisk joystick. Maskinen är liten, smidig och lättransporterad. ","Liten, smidig."
7504001,Jabo-fläcken,"Fläck-markberedare. Maskinen kan kopplas till vanlig jordbrukstraktor såväl som till en mindre skotare. Markberedaren tillverkades först i en ""enkelupplaga"" med etttre-uddigt skovelhjul men för en tid sedan lanserades ett aggregat med dubbla skovlar vilket gör att kapaciteten ökas till det dubbla. En finess med det dubbla är att man med ett enkelt handgrepp kan koppla loss markberedaren från ramen och köra enradigt om så önskas. Trots att man ökat kapaciteten med det dubbla genom två skovelhjul kan tvillingaggregatet fortfarande kopplas till en vanlig traktor eller mindre skotare. Arbetsprinicipen för fläckberedaren är att det treuddiga skovelhjulet ger en omvänd torva utan att lägga upp någon stor hög. ",
7508001,,"Elsåg för motorsågsdrivna sågverk. Elsågen håller en jämnare hastighet jämfört med en dieseldriven såg, det medför lägre bränslekostnader.",Lägre bränslekostnad
7512001,Swing Cut,Röjsåg med klinga som klarar både sly och gräs. Verktygen har två infällbara knivar som viks in när aggregatet bli överbelastat. Varje kniv är tillverkad av material som är hårt längst ut och mjukt in mot bult och bricka. Brickan är mjuk. När en kniv störs av för hård belastning böjs brickan uppåt. Man skall alltså titta på brickorna innna man drar igång sågen. Bakom en böjd bricka döljer sig något fel. ,Klarar både gräs och sly
7513001,Ecosågen,"Flyttbart cirkelsågverk. Sågdelen består av två vertikalt monterade elmotorer och på motors spindel är monterad en 400 mm sågklinga av hårdmetall. Sågklingorna arbetar alltså horisontellt och vardera klingan sågar halva snittet. Sågan kan transporteras efter en vanlig personbil. Den nya sågtekniken medför en rad fördelar. Effektbehovet minskar. Den sågade ytan blir mycket slät. Risken att klingorna nyåer fast har reducerats. Små klingor är billigare än stora. Ytterligare en fördel med denna maskin är att sågaren kan arbeta med till exempel stapling, borttagning av bakar eller framrullning av stock när sågenheten arbetar. Det ger ett omväxlande arbet. De tunga lyften har reducerats så lång som möjligt tack vare att stocken lyfts på med en hydraulisk stocklyftare. ","Lättare arbete, billigare i drift."
7514001,Starwood Qattrolam,Nytt basmaterial för snickeriindustrin.,
7515001,Cam Tool,"Barkverktyg. Barkningsverktyget blir konkurrent till barkningsmaskinen Cambio, som dominerat marknaden i 40 år. Med det nya verktyget fås: ökad tillgänglighet, minskade vedskador, ökade matningshastighet och barkplattor med lång ståndtid. Opartiska tester har visat att skador vid verktygens uppklättring har minskat med 75 % jämfört med tidigare barkverktyg. Det är hållarens dynamik och utformning som ger den lätta uppklättringen på stocken och därmed de minskade vedskadorna. ",Mindre vedskador.
7517001,Starwood Kolonn,Dekorativ pelare för såväl inom- som utomhusbruk.,
7519001,Funkoputs,"Putsmaskin. Den bärande idén är bandets bana, men även upphängningen av de arbetande delarna. Bandet, med motor och drivning, samt tryckplattornas profilklossar är en egen avskild konstruktion som hänger i maskinstativet. Detta gör att de krafter som påverkar konstruktionen blir betyldig tmindre än om varje del är separat placerad på stativet, som därför inte behöver vara så grovt dimensionerat. Bandet går runt sju rullar, inklusive drivrullen, rullarnas åplacering och vinklar för att bandet så att säga centrerar sig självt. Detta gör att man kan använda ett smalare band vilket är lättare att forma med profilklossarna. Putsningen blir bättre, bandet kommer åt överallt och risken för överavverkning blir mindre. Vid slipning av fanérmantlade komponenter är det sistnämnda särskilt viktigt. ",
7521001,Flooring Quality Inspection (FQI),"System för avsyning av laminatgolv. FQI bygger på att en datorbestämmer om den aktuella biten är godkänd eller inte. Utrustningen är integrerad i linjen, efter fräsning av laminatpanelerna. Datorn gör kvalitetskontrollen med hjälp av kameror som är riktade mot golvbitarnas långsidor, kortsidor och yta. Vid båda långsidorna finns en kamera och en laser. LAsern är riktad i vinkel mot sångsidan och ritar en linje över kanten på golvpanelen. Kameran som är riktad vinkelrätt mot laminatskivan läser av strålens längd, varje kamera tittar ungefär 3000 gånger på samma golvbit. ",
7522001,,Självrensande hyvlerifräs med vinklade skär som plogar ner i virket. Konstruktionen ger gott om ståndtid. ,Självrenande.
7523001,,Klyvfräs. Klyvfräsen ger en perfekt yta och avverkar fem millimeter. Trots att många tycket att det är ett väl tjockt snitt har klyvfräsen sålt bra. ,
7524001,,Maskin för kantputsning av assymetriska och svängda skivor. Maskinen är helt automatisk och en utveckling av den uppmärksammade kantputs som företaget tog fram för ett par år sedan. Maskinen klarar även negativa radier. Det verkligt avancerade är styrningen. Frammatningen sker förutom av vakuumplattans X- och Y-rörelse av en perifermatning framför putsaggregatet. Denna ger en stabil frammatning även vid stora format. Hela hanteringen sköts av tre servomotorer med kuggremsdrift. Skivans form programmeras in i en PC av operatören. ,Kan putsa rundade skivor.
7534001,,Ny metod att impregnera trä. I första läget gäller det järnvägsslipers. Metoden är uppfunnen i Kanada och det svenska företaget har ensamrätt i till metoden i Sverige.,
7536001,Uni-Max,Verktyg utan mellanringar för not- och sponthyvling med hydrocentrering. Inställningen sker med hjälp av en insexnyckel och breddmåttet kontrolleras med hjälp av en mätklocka. Konstruktionen innebär förenklingar för användaren.,
7544001,PP 300,Pelletspress med hög kapacitet. ,
7551001,,"Småskalig, mobil pelletspress. Pressen är marknadens minsta och billigaste. Tekniken är patenterad och bygger på dubbelkomprimering med hydrauliska cylindrar. Vanligtvis arbetar pelletspressar med kontinuerlig pressning genom en matris, vilket kräver mycket kraft och större maskiner. ",Mindre än konventionella.
7554001,Sawcommander,Dubbelspindlig klingsåg med flera individuellt ställbara klingor och en kapacitet på 180 meter per minut. Det som skiljer maskinen från andra dubbelspindliga sågar är bland annat en ny lösning för snittpassning.[par][par]De övre klingorna är individuellt ställbara för att exakt passning för de mötande snitten ska kunna ställas in. Motorn är specialutvecklad för att slippa vibrationer (se Samarbete).,Mer noggrann
7555001,,Patenterad lösning för stegdämpning i trähus. Innovationen består av en extremt kraftig gummilist som tar upp vibrationer. ,Utvecklad för att sitta i de egna husen.
7563001,Speedset,"Tvådelad fräs. Fräsen har en alldeles speciell lösning för inställning direkt i hyveln utan nycklar och mätdon. Delarna vrids mot varandra tills rätt mått har uppnåtts. En graderad skala visar med stor noggrannhet tiondelar, så det behövs ingen mätklocka för att måttet ska bli rätt. ","Lätt att ställa in, minskar ställtider."
7567001,,Klyvfräs med mycket hög hastighet. Såväl klinga som fräs är tandformade. Att de klarar de höga farterna förklaras med en unik konkav backningskurva på släppningsytan och en förstärkt eggvinkel som optimerar värmeavgången. ,Klarar höga hastigheter
7570001,,Bandsåg med helt ny typ av mycket tunt bandsågsblad vilket ger tunnare snitt och gör att det går att sträcka ett tunt band betydligt mer än ett tjockt med biehållna fördlear.,Tunnare
7570001,,Bandsåg med helt ny typ av mycket tunt bandsågsblad vilket ger tunnare snitt och gör att det går att sträcka ett tunt band betydligt mer än ett tjockt med biehållna fördlear.,Tunnare
7572001,,"Distansring som monteras invid sågklingan. Med den nya ringen kunde klingan göras 0,4 mm tunnare och genom att den går så stabilt sparades ytterligare 0,5 mm. Det betyder att kunden får ett snitt som är nästan en mm tunnare än tidigare och räknat i utbyte på flera hundratusen kubikmedet timmer som passerar så blir det en väldig massa trä.",Bättre utbyte.
7573001,,"Fixtur för slipning av speciella huggstål som Veisto använder i sina reducerare. Med fixturen kan de slipa tio stål samtidigt i en vanlig planslip.[par][par], något som anses ge bästa resultatet, men i vanliga fall är omständigt eftersom man då bara slipar ett stål åt gången.",snabbare
7574001,,Slipautomat avsed för sågkedjor som slipar alla tänder exakt likadant och skipar både skärtand och ryttare i samma cykel. Detta är en helt ny metodik. Fixeringen av länken ger en precision som ökar ståndtiden avevärt.,Hög kapacitet; precision; ökad gång- och ståndtid; exakt repeterbarhet; effektivitet
7579001,UM Chip Diverter,"Propeller som blåser upp spån och damm i utsuget så att fräsningen blir renare och mer effektiv. Genom att propellern snurrar med verktyget så uppstår ett vakuum runt området som bearbetas så att spån och damm riktas upp mot spånhuven. Detta ger bättre arbetsmiljö med mindre spån och damm, maskinen hålls renare och ståndtid förlängs eftersom verktyget inte behöver skära spånor flera gånger. Sammantaget innebär det också färre driftsavbrott, vilket i sin tur medför bättre flöde i produktionen.",Ger bättre arbetsmiljö för användaren (minskar spån och damm); håller maskinen renare; ger förlängd ståndtid
7607001,,Metod för skogsrensning som eliminerar riskerna med rotvältor och träd som fastnat i spänt läge. Metoden innebär att rotstocken kapas med hjälp av en lämpligt placerad sprängladdning.,
7614001,,Träbearbetningsverktyg som bygger på en helt ny skärprincip och består av en cylindrisk fräskropp försedd med skär.,Längre hållbarhet; ger kontinuerlig bearbetning
7726001,,Luftfiltreringsanordning för hyttförsedda arbetsfordon i dammiga miljöer som avskiljer mycket små partiklar. ,Avskiljer mindre partiklar
7740001,Sonwood,Nytt material i vilket PVC och trämjöl ingår.,Knapphet på ädelträ och plastråvaror
7777001,,"Traktorband av stål och gummi för boggin till skotare, avsedd för att minska skadeverkningarna på trädens rotsystem vid skogsgallring. ",
7782001,Tydraul,Förskjutbar släpboggie för skogstransporter som ger tidsbesparingar. Släpet är så konstruerat att hjulboggien kan förskjutas framåt under lastytan så at fordonet blir mer lättmanövrerat på slingriga skogsvägar.,Möjliggör tidsbesparingar vid lastning av timmer
7796001,,Maskin som tar upp granplantor avsedd för verksamhet kring skogsplantering.,Arbetsbesparande; effektivitet
7809001,,Såg med horisontell klingmatning av den roterande klingan som minskar riskerna för att arbetsstycket slungas mot operatören.,Skärpta krav på säkerheten hos byggsågarSäkerhet
7827001,,Fjärrstyrd vinschskotare avsedd för kvistning och kapning av gallrad skog. Skotaren är utrustad med två kombinerade vinschar och kranar som manvreras via bärbara radiosändare.,
7852001,,"Pistol som laddas med gifttabletter för att rensa bort sly, buskar och oönskade lövträd.",
7859001,,"Världens första automatiska skjortknäppningsmaskin. Maskinen arbetar på följande sätt: Först fixeras dragknapphålet över en hake, och knapphålsraden läggs mot en kant med klamrar. Maskinen lägger ner knapphålsraden över knapparna som bygger på en borstrand. Hakar söker sig igenom knapphålen förs över knapparna och ställs på kant för att knapparna ska lutas. Därefter drar hakarna knapparna genom kanpphålen, hakarna styrs tillbaka så att knapparna kan passera genom hakarna.",Automatisering; snabbhet
7892001,Cerkon,Plastkon som fungerar som miniväxthus som ska användas vid frösådd. Konen placeras över fröet som såtts i skogen. Efter tre år är plastkonen helt nedbruten och har blivit till koldioxid och vatten. Fördelen med miniväxthuset framför plantering är att varje planta blir avsevärt mycket billigare. ,
7897001,,"Stubbrytningsaggregat. Aggregatet monteras direkt på en skogstraktor, skotare eller liknande som är försedd med lastarm. Vid maximal belastning på traktorkranen 1000 kg får man en luftkraft på tången på 36 ton. En jägmästare hävdar att stubbrytning är det enda sättet att rädda den svenska skogen från snytbaggen. Stubbrytning ger också energi till låga kostnader. ",Patenterad teknik. 
7919001,Tumlaren,Stubbrensare. När stubbarna rensas direkt på hygget minskar kostnaderna för att ta dem till fabrik. Fabrikerna gör t ex stubbflis av stubbarna. ,Utvecklad på uppdrag av Stora Kopparberg. 
7939001,,"Träduppdragare; ett hydrauliskt redskap som greppar tag, bryter upp och skalar rotgrenar av trädet. Med den nya tekniken kan 25 % mer av skogen tas om handl ",
7944001,Skellefteterminal,"Metod för att tillvarata gallringsvirke. Okvistat och buntat levereras det till en terminal där virket maskinbearbetas. Hälften blir pappersmassa, hälften råvara till energiproduktion. Röjning och gallring av skog är eftersatt på många håll p g a dålig lönsamhet, med den här uppfinningen hoppas man att lönsamheten ska öka. ",
8015001,Nitspiken,"Spik med ""synålsöga"" i den vassa änden. Öglan pressas isär när spiken når mothåll och förhindrar att den vandrar i trät. ",
8020001,,Utrustning för komprimering av talltoppar. Innan har det inte varit lönsamt att ta hand om klenvirke men med den nya metoden går det att bättre nyttja transportfordonens lastkapacitet. ,
8085001,,Profilsystem för beklädnad av träfönster. Med profilsystemet blir fönstrena näst intill underhållsfria. Profilerna är i stål. ,Mycket underhåll av träfönster. 
8122001,,Multifunktionell skogsavverkningsmaskin. Maskinen fäller träd och transporterar sedan ut dem ur skogen. Upprinnelsen till innovationen är den allt större utbredningen av helträdsavverkning och den förlust som görs när träden släpas ut ur skogen. ,
8129001,,Hydrauldriven kombinerad såg- och klyvmaskin. Maskinen matas med stockar som den med en kedjesåg kapar i lämplig kubblängd. Kubben faller ner i klyven där en hydraulkolv trycker kubben genom ett stjärnformat klyvjärn. ,
8149001,,Specialmaskin för skörd av energiskog. ,
8167001,Tree-Max,Skogsmaskin som rycker upp hela träd med stubbe och rotsystem. ,
8193001,,Plaststift för fästning av etiketter på virke. ,Metallskrot fastnar och förstör virkessågar. 
8193001,,Plaststift för fästning av etiketter på virke. ,Metallskrot fastnar och förstör virkessågar. 
8238001,,Metod för att avfetta furufanér. ,För mycket spill.Utvecklat för egna behov men ska även säljas. 
8379001,,Mikrodatorstyrd skogsmaskin. Maskinen är den första i sitt slag som arbetar enligt den s k värdeapteringsprincipen. Det innebär att virkesvolymen hos ett träd utnyttjas på ett sådant sätt att det ekonomiska ytbytet blir så stort som möjligt. De dagsaktuella virkespriserna matas in i en databas. Därefter är det bara för maskinföraren att fälla ett träd och mata in vilket trädslag det rör sig om. Maskinen arbetar sedan direkt mot prislistan. Trädets dimenstioner mäts och datorn beräknar hur trädet bör kapas för att det maximala virkesvärdet ska kunna tas till vara. ,Mikrodatorstyrd. Optimerar uttaget av virke. 
8422001,,Mätram för sågverk. Ramen mäter diameter och form hos varje individuell stock. Mätramen minskar spillet för sågverken. Mätningen sker med lysdioder och dubbla fotoceller. ,
8741001,Ecoplugg,Biologisk nedbrytbar plugg i plast för slyrensning.,
8758001,,Metod för tryckimpregnering med linolja. Miljövänligt impregneringsmedel för trä. Medlet är en modifierad oljeprodukt. Medlet får så låg viskositet så att det kan tränga in i kärnan av träet. ,Ger färg som sitter kvar längre; blir svårare att mögla
8758001,,Metod för tryckimpregnering med linolja. Miljövänligt impregneringsmedel för trä. Medlet är en modifierad oljeprodukt. Medlet får så låg viskositet så att det kan tränga in i kärnan av träet. ,Ger färg som sitter kvar längre; blir svårare att mögla
8781001,,Pressat trä som tillverkas med en patenterad isostatisk pressningsmetod.,Applicering av teknologier på nya områden (Quintuspressen applicerad på trätillverkning)
8789001,Cedomon,"Biologiskt bekämpningsmedel baserat på bakterien Pseudomonas chlororaphis som producerar små mängder lätt nedbrytbara bekämpningsmedel direkt på det groende kornet. Medlet kan ersätta några av de giftiga kemiska preparat som idag används vid betning av spannmål, då utsädet skyddas mot sjukdoma.",
8799001,,Luftfilter som tillverkas så att en viss mängd rapsolja som adderats till plastskum värmebehandlas med mikrovågor. Rapsoljan bildar en klibbig hinna på cellerna i skumplasten och fungar upp små partiklar.,"Tål skakningar, köldtålighet; fuktavvisande; hög reningsgrad"
8803001,,Metod att lastsäkra med vakuum. Lastsäkringen går till så att en tätningsduk läggs öve lasten. Med en vakuumpump minskas trycket inne i duken som då pessas mot godset. Därmet pressas också godset mot flakytan vilket ökar fiktionen och därmed motverkas risken att lasten ska glida eller tippa. Fördelen med vakuumsäkring är att den går betydligt snabbare än konventionell säkring med spännband.,Tidsbesparande; mindre risk att lasten ska glida eller tippa
8835001,Rotfinder,Instrument som detekterar mängden röta i träd. Tekniken bygger på att de metaller (mangan och kalium) som tas upp av trädet när det börjar ruttna spåras genom att elektricitet tillförs trädet. ,
9014001,Thermoseed,Teknologi för att med varm luft i en fluidbädd blåsa utsäde fritt från smittor och sjukdomar.,"Vidareutveckling av en uråldrig metod där man doppade säckar med utsäde, först i varmvatten och sedan i kallt, innan det torkades och lagrades inför vårsådden."
9048001,,"Papper som är vattentätt baserat på katalytisk process som ger nya egenskaper hos cellulosa och kan användas för att impregnera trävirke så att det står emot röta och eld, eller för att göra bommullstyg vattenavstötande.",Ny teknik som ger cellulosa helt nya egenskaper. Papper görs vattenfrånstötande genom att en fettsyra bundits till cellulosamolekylen.
9089001,,Nytt byggsystem för höga trähus med en balken som klarar långa spännvidder och dämpar stegljud.,Materialsnål konstruktion; klara långa spännvidder; dämpar stegljud
9120001,,Miljövänliga gödselmedel för trädplantor som bygger på aminosyror vilka innehåller det kväve som växterna behöver. 2008 vil Swetree börja testa gödsel också på andra typ er av plantor,Forskningsresultat gällande aminosyror som ska användas i framställningen av gödselmedlet
9226001,X-block,"Energisparventil som kan monteras på befintliga tryckluftscylindrar och få dem att gå fortare, jämnare och tystare och bara dra hälften så mycket tryckluft som tidigare. Det sänker energikostnaden med minst hälften.","Ger fortare, jämnare och tystare tryckluftscylindrar; drar bara hälften så mycket tryckluft; sänker energikostnader; sänker luftförbrukningen"
9250001,Peranet,Strängsprutat plastmaterial med galler- eller nätstruktur som produceras med en för den nordiska marknaden ny teknik,strängsprutformningsteknik
9278001,,"En skyddshjälm med visir, avsedd för i första hand svetsare.",Förbättrad arbetsmiljö
9408001,MODOLOG,Polymeriska impregneringsagenter för (gran-)trä,dimensionsstabilitet
9412001,Kockum Arbomatic Processor,Maskin för skogsindustrin som används vid bearbetandet av avverkat timmer (t.ex. för avkvistning etc.).,
9413001,Karlstadplattan,Spånskiva som tillverkas av ramsågspån från furu och gran med en patentsökt produktionsmetod. ,"ny patenterad produktionsmetodtvärdragshållfasthet, skruvhållkraft, uthållfasthet"
9415001,,"Jordförbättrande produkt som är resultatet av en ny process som istället för att bränna barkavfall, vilket är ett miljöproblem, konverterar barkavfallet till denna produkt",bränd bark var ett allvarligt miljöproblem
9416001,GARTAX,"Ny typ av bandmatare i emballeringslinjer, som kan användas för bandomföring kring det kolli som ska bandas, men också byggas in i pressar för presspaketering. Bandmataren kan omställas för olika banddimensoiner och är vidare försedd med automatisk start och stopp samt bandutkastning efter fullbordad bandomföring. ",Kompakt; (vilket gör att bandmataren) kan byggas i olika typer av kompromatorer och rpessar
9417001,,Nytt emballagematerial av papper. Pappret är högtöjbart med mellanliggande plastfolie och asfaltlaminering.,"Säkerhet, fuktavvisande, lägre kostnad för användaren; ger sågverken möjlighet att skära ner distributions- och hanteringskostnader"
9418001,Vänerply Profil,"Ny typ av plywood, avsedd för utvändiga paneler vid småhusbebyggelse, som framställs med ytfaner",
9423001,"Sandvik ""minivib""",Cirkelsågklinga i hårdmeall som ger mindre buller genom att en urvarvning i klinglivet är fyllt med ett ljud- och vibrationhämmande material,
9430001,,"Lätt byggsystem som bygger på komponenterna 'Masonite Balk', 'Masonite Wall Frame', och 'Masonite Wooden Facade' för bl.a. prefabrikerade trähus ",Masonite Board
9431001,"Volvo BM 900 (eller ""skördaren"")","Ny skogsmaskin som har högre kapacitet och kan både fälla, kvista och kapa ","Högre kapacitet, kan både fälla, kvista och kapa"
9432001,P-Såg,"Nytt minidatorbaserat styrsystem för sågverk. Från någon av dataterminalerna i sågverket kan man utan dröjsmål få de besked man önskar. T ex produktionsrapporter, uppgifter om sågutbyten, avbrottsstatistik eller kontroll uppgifter gällande brädernas dimensioner.","Utvecklad för den egna anläggningen, sedemera försäljning."
9433001,,Ny traktordriven flishuggarmaskin som är självmatande,
9436001,,"Vattenkyld klingsåg med tunnar sågsnitt, mindre sågbyggnad och högre kapacitet","tunna sågsnitt, mångsidig postning med tunna sidobräder, enkel verktygsskötsel, god måttnoggrannhet"
9444001,Swanboard 3-D,Nytt skivmaterial som genom prägling i en efterpressanläggning för en god struktur och ådring som liknar äkta träpaneler,ny tillverkningsmetod
9444001,Swanboard 3-D,Nytt skivmaterial som genom prägling i en efterpressanläggning för en god struktur och ådring som liknar äkta träpaneler,ny tillverkningsmetod
9446001,Kockums 81-11,Liten skogsmaskin för 'tidiga gallringar' som genom sin litenhet lätt tar sig sin i skogsbestånden och fäller de rätta träden,Avlastar personalen; gör tidiga gallringar lönsamma; enkelhet; möjliggör en förlängd gallringssäson; kan arbeta i fraktionerad slutavverkning
9448001,NACO procesen,Ny process för produktion av blekt massa.,Mindre produktionsenheter
9454001,,Ny virkestorkare som genom att undanröja organiska upplösare drastiskt minskar energikonsumtionen. Problem vid konventionella virkestorkare som opererar med stora luftmängder äär att virket torkas ut. Genom att använda turbulent luft begränsas den nödvändiga luftbolymen vilket besparar en stor energimängd. ,minskar mängden luft som går åt vid torkning; energibesparande
9458001,Pulco Blåskydd,skyddsmedel mot blånads- och mögelsvampar där den aktiva substansen är ortefenylfenol för sågat virke,
9460001,,"automatiserat bioenergisystem som konverterar skogsrester till bränsle, som bygger på en ny mobil kvistningsmaskin","profitabilitet för användaren, energibesparande"
9462001,,Tabletter som tar död på träd som skapar lövslyproblem genom att tabletter förs in i trädstammen,problem med lövsly på hyggen
9464001,,Anläggning som bygger på ny barkningsteknik som gör det möjligt att barka eucalyptus oavsett ålder.,hög kapacitet
9476001,,Slipmaskin för ojämna och målade ytor.,Sparar tid och pengar. Klarar ojämna ytor.
9524001,,Maskin som komprimerar avverkade träd till hanterbara stockar som sedan kan forslas ut ur skogen. Det fällna virket blir mer hanterbart och hela processen blir smidigare.,Smidigare hantering av avverkat timmer
9525001,,Maskin som komprimerar avverkade träd till hanterbara stockar som sedan kan forslas ut ur skogen. Det fällna virket blir mer hanterbart och hela processen blir smidigare.,Smidigare hantering av avverkat timmer
9554001,,Anläggning för konditionering och vakuumförpackning av tyg enligt den patenterade svenska metoden TEX-VPS. I förpackningsmaskinen sugs lften ur förpackningen och påsen förslutes.  Därefter sker märkning med tillverkningskod och antal meter. Slutligen sträckfilmas och bandas pallen som i leveransklart skick väger ca 250 kg.,"Patenterad svensk metod kallad TEX-VPS. Vanliga problem vid långtidsförpackning är försämring av tyg och risk för kassation.Ökad livslängd för förpackade tyger, minskad kassationsrisk,  minskad konfekteringstid, kapacitet"
9556001,,Avsyningsmaskin som tillåter att den flata trikåslangens båda sidor kan avsynas vid endast en passagen genom maskinen.,Steglös reglerbarhet
9602001,,Teknik för att pulverlacka värmekänsliga trä- och plastbaserade material. ,
9608001,Toolvac Technology,Teknik för kylning/temperering av formverktyg.,Lägre processkostnad
9720001,,System för avskiljning av metallföremål vid pneumatisk flistransport. Systemet fungerar så att en i en transportledning inbyggd spole indikerar metallföremål som passerar. Den ger då en impuls som dels stoppar materialtillförseln till systemet och dels öppnar en ventil som släpper ut det indikerade föremålet ur ledningen.,
9722001,Gödjord,"Material som kan ersätta matjord i gräsmattor, rabatter, parkanläggningar, idrotsplaner m.m. som är fritt från rotogräs, klumpar och sten. Materialet  består av sand och rötslam. ","Fuktighet, ökad mikrobaktivitet"
9740001,Sonoforce,Produkt som genom att låta ljudet från en 'tyfon' aktivera den inblåsta luften undviker valvbildningar hos bulkmaterial och erhåller ett jämnare flöde vid lastning och lossning. ,Kräver mindre utrymme och ger större last.
9789001,,"Ett brandsläckningssystem, en kolsyreanläggning, dimensionerad för att kunna släcka brand i motorrum och hydraulutrymmen. När brand uppstår utlöses en termokontakt som i sin tur utlöser en röd blinksignal i förarhytten. ",Bränder i processorer och andra stora skogsmaskiner medför ofta totalförstörelse och kan orsaka skogsbränder.
9937001,Mobeel,Programvara som möjliggör lagring av data som skickas från skogsmaskinförare till mobiltelefoner. Datan skickas till central terminal så fort det finns täckning inom GSM-nätet. ,Utvecklat på uppdrag.
10107001,,"Rotator för vridning av hängande kranlaster. Den nya rotatorn kännetecknas av enkel konstruktion, högt vridmoment, låg vikt och lågt pris. Eftersom den har konstruerats för att klara laster på upp till 8000 kg bör den enligt uppgift inte bara bli intressant för skogsindustrin utan även för bygg- och transportsektorerna samt för den tyngre verkstadsindustrin.","Högt vridmoment, klarar tung last."
10148001,,"Station för inmätning av timmer. Mätningen av timmer kan nu utföras i uppvärmd lokal med rätt belysning. Stor vikt har lagts vid den ergonomiska utformningen av arbetsplatsen. Stationen kännetecknas av en ombonad arbetsmiljö. Bländfri belysning, låg bullernivå och rätt arbetshöjd på mätbordet. ",Arbetsförhållanden förbättrade. 
10148001,,"Station för inmätning av timmer. Mätningen av timmer kan nu utföras i uppvärmd lokal med rätt belysning. Stor vikt har lagts vid den ergonomiska utformningen av arbetsplatsen. Stationen kännetecknas av en ombonad arbetsmiljö. Bländfri belysning, låg bullernivå och rätt arbetshöjd på mätbordet. ",Arbetsförhållanden förbättrade. 
10190001,,"Traktorserie. Konstruktionen är unik i det avseende att framaxeln är placerad mitt under motorn och att den rymliga bränsletanken på 180 L bildar en bärande del av chassiet. Axelns placering ger mycket gynnsam viktfördelning och därmed goda dragegenskaper. Kraftöverföringen till den drivna framaxeln är helt inbyggd och väl skyddad. Fyrhjulsdriften tillsammans med att traktorn är robust och har släta botten- och sidoytor, stor frigångshöjd och låg tyngdpunkt gör den också användbar i skogskörning. ",Framkommen genom samarbete.
10506001,mute:on,Ljuddämpande tyger. ,
10544001,Retherm-A,Värmeväxlare i plast som möjliggör värmeåtervinning även i mycket korrosiva miljöer. Värmeväxlaren består av ett antal oflänsade rörslingor infästade till två större fördelningsrör - ett i vardera änden av rörslingorna. ,Möjliggör värmeväxling i mycket korrosiva miljöer; korrosionsbeständighet
10564001,Biomatic Komplett,"Varmluftsanläggning för eldning med flis, sågspån och torv, i första hand avsedd för spannmålstorkar, växthus, sågverk och industrier. Systeet är uppbyggt av två enheter, en varmluftspanna med automatiskt styrd förbränning samt en fastbränslebehållare (kallad Biomatic Komplett). Fastbränslebehållaren består i sin tur av bränslebehållare och en helautomatisk utmatningsanordning vilket minskar risken för att bränslet fastnar.",Automatisering (av förbränningen)
10564001,Biomatic Komplett,"Varmluftsanläggning för eldning med flis, sågspån och torv, i första hand avsedd för spannmålstorkar, växthus, sågverk och industrier. Systeet är uppbyggt av två enheter, en varmluftspanna med automatiskt styrd förbränning samt en fastbränslebehållare (kallad Biomatic Komplett). Fastbränslebehållaren består i sin tur av bränslebehållare och en helautomatisk utmatningsanordning vilket minskar risken för att bränslet fastnar.",Automatisering (av förbränningen)
10574001,,"Miljövänligt renspumpsystem med ett patenterat magasin. Systemet består av en mammutpump med kompressor, en dykarledning och ett magasin.  Risken för bräddning vid driftstopp och därmed förorening av näraliggande vattendrag elimineras i renspumpsystemet som inte har något bräddvlopp.",Patenterad teknologi som förhindrar driftstopp.Energibesparade; eliminerar risk för bräddning vid driftstop och därmed förorening av näraliggande vattendrag; medför lägre kostnader.
10579001,,Anläggning för vattenrening baserad på principen att man använder recipienten havet som utjämningsbasäng. Systemet består av horisontella flytbassänger där själva recipientvattnet används som balanserande medium I flytbassängerna finns förstärkta och väl tilltagna plastskynken som förankras mot recipientens botten.,Ny metod där havet används som utjämningsbassäng.
13013001,Cambio 600,"Maskin för att barka timmer med högre prestanda. ""Traingelmatarverk med piggvalsar och pneumatiskt styrda barkningsverktyg med hårdmetallplattor är några av anledningar till barkningsresultatet med minimala vedskador."" (NTT, 2007, nr.14, p.13).",
13014001,Eurosaw S6 D,"Ny, ställbar dubbelaxlig klingsåg för fyrsidigt reducerade block. Den har sex ställbara klingor på teleskopiska axlar som medger ögonblickliga omställningar. Tekniken med mötande klingor på dubbla axlar garanterar hög prestanda och produktkvalitet. (NTT, 2007, nr.14, p.13)",
13016001,Catech 6000,Kantautomat med nytt styrsystem för såväl bemanand som obemannad drift.,
13017001,,Våtslipsystem för eggverktyg (dvs. en slipmaskin för exempelvis knivblad och dylikt). En central funktion är den jigg som sitter på maskinen som tillåter att slipningen av det använda objektet sker i samma vinkel hela tiden.,
